Minutes,Blocks,Memory(GB),CPU(%),MachineLoadAvg(1min),BlockchainSize(GB),BlocksAdded,Peers,Rescan(Height),BootstrapDownload(%),BuildingWitnessCache
0,,0.02,100, 0.02, 0.095,,,,,
1,0,0.3,0, 0.11, 0.112,0,2,,,
2,1465,0.34,57, 0.10, 0.114,1465,3,,,
3,5027,0.4,55, 0.41, 0.115,3562,4,,,
4,6192,0.42,0, 0.26, 0.115,1165,5,,,
5,8461,0.46,44, 0.35, 0.116,2269,6,,,
6,11213,0.51,45, 0.43, 0.133,2752,6,,,
7,13904,0.56,51, 0.44, 0.135,2691,6,,,
8,16231,0.61,39, 0.38, 0.151,2327,6,,,
9,18812,0.65,48, 0.44, 0.152,2581,6,,,
10,21671,0.7,45, 0.30, 0.170,2859,6,,,
11,24234,0.75,50, 0.32, 0.171,2563,6,,,
12,27289,0.81,60, 0.56, 0.188,3055,6,,,
13,30201,0.86,56, 0.73, 0.190,2912,6,,,
14,32832,0.91,63, 0.63, 0.206,2631,7,,,
15,35542,0.96,72, 0.73, 0.207,2710,7,,,
16,37734,1.37,48, 0.68, 0.759,2192,7,,,
17,39680,1.42,60, 0.87, 0.760,1946,7,,,
18,41219,1.63,44, 0.64, 0.777,1539,8,,,
19,42478,1.76,48, 0.49, 0.777,1259,8,,,
20,43928,1.86,69, 0.44, 0.778,1450,9,,,
21,45300,1.86,61, 0.45, 0.795,1372,9,,,
22,46621,1.86,58, 0.52, 0.796,1321,9,,,
23,47917,1.86,55, 0.85, 0.812,1296,9,,,
24,49011,1.86,52, 0.90, 0.812,1094,9,,,
25,50253,1.86,51, 0.89, 0.813,1242,9,,,
26,51574,1.86,64, 0.84, 0.830,1321,9,,,
27,52893,1.86,70, 0.61, 0.830,1319,10,,,
28,54152,1.86,70, 0.79, 0.831,1259,10,,,
29,55405,1.86,64, 0.69, 0.847,1253,10,,,
30,56605,1.87,68, 0.85, 0.848,1200,11,,,
31,57939,1.42,96, 1.58, 1.192,1334,11,,,
32,60007,1.77,76, 1.19, 1.192,2068,11,,,
33,62263,1.99,57, 0.78, 1.209,2256,11,,,
34,64369,2.03,94, 1.06, 1.203,2106,12,,,
35,66199,2.18,70, 0.78, 1.219,1830,12,,,
36,67980,2.18,57, 0.70, 1.236,1781,12,,,
37,69672,2.18,76, 0.48, 1.237,1692,12,,,
38,71285,2.18,73, 0.73, 1.238,1613,12,,,
39,72845,2.18,83, 0.83, 1.255,1560,12,,,
40,74349,2.18,67, 0.79, 1.256,1504,12,,,
41,75948,2.18,67, 0.65, 1.272,1599,12,,,
42,77432,2.18,58, 0.54, 1.273,1484,12,,,
43,78834,2.18,71, 0.81, 1.290,1402,12,,,
44,80007,2.18,67, 0.79, 1.291,1173,12,,,
45,81004,2.18,42, 0.66, 1.307,997,13,,,
46,82074,1.67,88, 1.27, 1.587,1070,13,,,
47,83291,1.7,66, 1.05, 1.579,1217,13,,,
48,83907,1.74,52, 0.56, 1.580,616,14,,,
49,85104,1.79,54, 0.67, 1.596,1197,15,,,
50,86415,1.83,82, 0.74, 1.597,1311,16,,,
51,87276,1.87,53, 0.76, 1.613,861,16,,,
52,88136,1.89,50, 0.82, 1.613,860,16,,,
53,88986,1.91,44, 0.61, 1.613,850,16,,,
54,89692,1.9,56, 0.66, 1.613,706,16,,,
55,90387,1.9,50, 0.50, 1.628,695,16,,,
56,91014,1.9,46, 0.46, 1.627,627,16,,,
57,91754,1.89,67, 0.62, 1.626,740,16,,,
58,92375,1.89,50, 0.52, 1.625,621,17,,,
59,92872,1.88,56, 0.69, 1.624,497,18,,,
60,93670,1.89,63, 0.66, 1.639,798,18,,,
61,94154,1.93,60, 1.03, 1.808,484,18,,,
62,94876,1.96,32, 0.79, 1.810,722,18,,,
63,95448,2.0,64, 0.69, 1.810,572,19,,,
64,96217,2.03,49, 0.74, 1.826,769,19,,,
65,96743,2.02,66, 0.43, 1.825,526,19,,,
66,97387,1.98,76, 0.65, 1.829,644,19,,,
67,98897,1.9,85, 0.73, 1.823,1510,19,,,
68,100416,1.89,68, 0.92, 1.839,1519,19,,,
69,102250,1.89,73, 1.04, 1.856,1834,19,,,
70,103707,1.89,78, 0.97, 1.857,1457,19,,,
71,106092,1.9,94, 0.80, 1.874,2385,19,,,
72,107571,1.9,59, 0.89, 1.875,1479,19,,,
73,109513,1.9,84, 0.88, 1.892,1942,19,,,
74,111243,1.9,82, 0.82, 1.908,1730,19,,,
75,112645,1.9,88, 0.81, 1.909,1402,19,,,
76,114520,2.31,96, 0.87, 2.087,1875,19,,,
77,116225,2.31,77, 1.11, 2.088,1705,19,,,
78,118106,2.31,94, 1.00, 2.105,1881,20,,,
79,120114,2.32,81, 0.74, 2.106,2008,20,,,
80,121572,2.32,65, 0.84, 2.123,1458,20,,,
81,122886,2.32,92, 0.77, 2.124,1314,20,,,
82,124344,2.32,82, 0.77, 2.140,1458,20,,,
83,125690,2.32,73, 0.96, 2.141,1346,20,,,
84,127005,2.32,85, 0.92, 2.158,1315,21,,,
85,128264,2.32,77, 0.86, 2.158,1259,21,,,
86,129544,2.32,96, 0.91, 2.175,1280,21,,,
87,130680,2.32,103, 0.98, 2.175,1136,21,,,
88,132066,2.32,92, 0.95, 2.176,1386,21,,,
89,133544,2.32,98, 0.93, 2.193,1478,21,,,
90,134721,2.32,71, 1.10, 2.194,1177,21,,,
91,135566,2.52,113, 1.87, 2.620,845,21,,,
92,136340,2.32,96, 1.27, 2.605,774,23,,,
93,138939,2.32,94, 1.19, 2.623,2599,23,,,
94,140756,2.32,65, 0.93, 2.624,1817,23,,,
95,143062,2.32,97, 1.03, 2.641,2306,22,,,
96,144693,2.32,92, 1.29, 2.658,1631,22,,,
97,146331,2.32,68, 1.03, 2.659,1638,23,,,
98,148822,2.32,96, 1.15, 2.675,2491,19,,,
99,151515,2.32,87, 1.00, 2.678,2693,19,,,
100,152480,2.32,83, 0.86, 2.694,965,19,,,
101,153441,2.24,112, 0.92, 2.694,961,19,,,
102,153797,2.24,115, 0.97, 2.694,356,20,,,
103,154157,2.24,102, 0.99, 2.695,360,21,,,
104,154736,2.24,109, 1.08, 2.710,579,21,,,
105,155049,2.24,107, 2.01, 2.711,313,21,,,
106,155662,2.72,112, 1.65, 2.900,613,22,,,
107,156357,2.72,116, 1.34, 2.916,695,22,,,
108,157159,2.72,111, 1.33, 2.916,802,22,,,
109,157908,2.73,110, 1.15, 2.917,749,22,,,
110,158524,2.73,111, 1.20, 2.933,616,23,,,
111,159479,2.73,134, 1.20, 2.933,955,23,,,
112,160307,2.73,120, 1.24, 2.949,828,23,,,
113,160783,2.74,101, 1.09, 2.949,476,23,,,
114,160977,2.74,99, 1.03, 2.949,194,23,,,
115,161162,2.74,103, 1.01, 2.950,185,24,,,
116,161268,2.74,102, 1.00, 2.965,106,24,,,
117,161338,2.74,103, 1.06, 2.965,70,24,,,
118,161493,2.74,99, 1.07, 2.965,155,24,,,
119,161695,2.75,103, 1.09, 2.967,202,24,,,
120,161935,2.75,109, 1.10, 2.967,240,24,,,
121,162103,2.83,104, 1.07, 3.018,168,24,,,
122,162261,2.83,113, 1.02, 3.019,158,24,,,
123,162511,2.83,101, 1.05, 3.019,250,24,,,
124,162739,2.83,106, 1.02, 3.019,228,24,,,
125,162960,2.83,105, 2.33, 3.035,221,24,,,
126,163143,2.83,102, 1.55, 3.035,183,24,,,
127,163313,2.83,104, 1.20, 3.035,170,24,,,
128,163504,2.84,104, 1.20, 3.035,191,24,,,
129,163745,2.84,103, 1.07, 3.051,241,24,,,
130,164003,2.84,109, 1.02, 3.051,258,24,,,
131,164240,2.84,117, 1.01, 3.051,237,25,,,
132,164511,2.84,107, 1.03, 3.051,271,26,,,
133,164752,2.84,102, 1.05, 3.067,241,26,,,
134,164935,2.84,113, 1.02, 3.067,183,26,,,
135,165213,2.84,108, 1.04, 3.067,278,26,,,
136,165446,2.61,119, 1.76, 3.088,233,26,,,
137,165674,1.98,128, 2.29, 3.041,228,26,,,
138,165946,1.93,101, 1.65, 3.035,272,26,,,
139,166330,1.93,111, 1.27, 3.036,384,26,,,
140,166634,1.93,108, 1.16, 3.036,304,26,,,
141,166977,1.93,103, 1.06, 3.052,343,26,,,
142,167251,1.93,105, 1.12, 3.052,274,26,,,
143,167693,1.93,112, 1.09, 3.052,442,26,,,
144,167870,1.93,116, 1.10, 3.052,177,26,,,
145,168060,1.93,115, 1.11, 3.068,190,26,,,
146,168333,1.93,104, 1.11, 3.068,273,26,,,
147,168639,1.92,116, 1.16, 3.068,306,26,,,
148,168986,1.91,107, 1.06, 3.069,347,26,,,
149,169167,1.91,107, 1.02, 3.084,181,25,,,
150,169471,1.91,107, 1.00, 3.084,304,25,,,
151,169904,2.08,113, 1.12, 3.104,433,25,,,
152,170227,2.08,115, 1.04, 3.104,323,26,,,
153,170499,2.08,100, 1.09, 3.121,272,26,,,
154,171420,2.08,112, 1.03, 3.121,921,26,,,
155,172009,2.08,114, 1.25, 3.137,589,26,,,
156,172612,2.08,115, 1.14, 3.138,603,27,,,
157,173156,2.09,94, 1.11, 3.138,544,27,,,
158,173719,2.09,108, 1.04, 3.138,563,27,,,
159,174060,2.09,118, 1.07, 3.163,341,27,,,
160,174311,2.07,109, 1.02, 3.154,251,27,,,
161,174827,2.06,49, 1.10, 3.154,516,27,,,
162,175698,2.07,103, 1.00, 3.171,871,27,,,
163,176174,2.07,110, 1.05, 3.171,476,27,,,
164,176823,2.07,62, 0.98, 3.172,649,27,,,
165,177785,2.07,112, 0.92, 3.188,962,27,,,
166,178469,2.19,63, 1.08, 3.265,684,27,,,
167,179372,2.19,118, 1.15, 3.266,903,27,,,
168,179832,2.19,124, 0.86, 3.266,460,27,,,
169,180574,2.19,110, 0.85, 3.282,742,27,,,
170,181243,2.19,100, 1.00, 3.282,669,27,,,
171,181989,2.19,100, 0.90, 3.284,746,27,,,
172,182375,2.19,117, 1.16, 3.284,386,28,,,
173,182762,2.19,100, 1.07, 3.300,387,28,,,
174,183289,2.2,105, 1.11, 3.300,527,28,,,
175,183668,2.2,104, 1.16, 3.300,379,28,,,
176,184168,2.2,103, 1.04, 3.316,500,27,,,
177,184928,2.2,105, 1.13, 3.316,760,27,,,
178,185546,2.2,113, 1.01, 3.317,618,27,,,
179,186513,2.21,118, 1.28, 3.334,967,27,,,
180,186976,2.21,57, 0.88, 3.334,463,27,,,
181,187542,2.29,120, 1.32, 3.416,566,27,,,
182,188198,2.29,118, 1.11, 3.416,656,27,,,
183,188489,2.29,135, 1.08, 3.432,291,28,,,
184,189161,2.3,124, 1.11, 3.432,672,28,,,
185,189918,2.3,97, 1.19, 3.433,757,28,,,
186,190683,2.3,108, 1.84, 3.449,765,28,,,
187,191135,2.31,102, 1.46, 3.449,452,29,,,
188,191486,2.28,133, 1.51, 3.468,351,29,,,
189,191954,2.14,111, 1.41, 3.457,468,29,,,
190,193083,2.14,120, 1.33, 3.457,1129,31,,,
191,193928,2.15,112, 1.41, 3.458,845,31,,,
192,194920,2.15,121, 1.15, 3.475,992,31,,,
193,196263,2.15,116, 1.20, 3.475,1343,30,,,
194,197315,2.15,135, 1.21, 3.476,1052,30,,,
195,198278,2.15,125, 1.30, 3.476,963,30,,,
196,199434,2.28,129, 1.29, 3.571,1156,24,,,
197,200516,2.28,109, 1.21, 3.573,1082,25,,,
198,201542,2.28,135, 1.26, 3.573,1026,25,,,
199,202551,2.28,119, 1.23, 3.574,1009,25,,,
200,203397,2.28,109, 1.59, 3.590,846,26,,,
201,204514,2.29,104, 1.36, 3.590,1117,28,,,
202,205235,2.29,98, 1.09, 3.606,721,28,,,
203,206541,2.29,105, 1.16, 3.608,1306,29,,,
204,207656,2.29,104, 1.12, 3.608,1115,29,,,
205,208563,2.29,113, 1.04, 3.624,907,29,,,
206,209919,2.29,108, 1.27, 3.625,1356,29,,,
207,211222,2.29,106, 1.15, 3.626,1303,29,,,
208,212504,2.29,103, 1.05, 3.642,1282,29,,,
209,213527,2.29,109, 1.04, 3.643,1023,29,,,
210,214904,2.3,117, 1.08, 3.644,1377,29,,,
211,215495,2.2,130, 1.43, 3.779,591,30,,,
212,216540,2.1,113, 1.60, 3.782,1045,30,,,
213,217378,2.11,105, 1.00, 3.782,838,21,,,
214,218620,2.12,84, 1.14, 3.783,1242,21,,,
215,219322,2.12,103, 1.30, 3.784,702,21,,,
216,219673,2.12,108, 1.17, 3.800,351,21,,,
217,220668,2.12,55, 1.02, 3.800,995,21,,,
218,221553,2.12,85, 0.96, 3.801,885,24,,,
219,222867,2.12,120, 1.14, 3.801,1314,24,,,
220,224440,2.12,107, 1.20, 3.818,1573,25,,,
221,226165,2.12,106, 1.13, 3.820,1725,25,,,
222,227462,2.12,113, 1.39, 3.836,1297,26,,,
223,229046,2.12,110, 1.63, 3.837,1584,26,,,
224,230178,2.12,112, 1.31, 3.837,1132,27,,,
225,231747,2.12,109, 1.28, 3.854,1569,28,,,
226,233081,2.09,124, 1.59, 3.959,1334,28,,,
227,234104,2.05,127, 2.01, 3.976,1023,29,,,
228,235356,2.05,131, 1.43, 3.972,1252,29,,,
229,236875,2.05,115, 1.16, 3.973,1519,30,,,
230,238262,2.05,114, 1.06, 3.990,1387,30,,,
231,239345,2.05,123, 1.14, 3.991,1083,30,,,
232,240116,2.05,106, 1.32, 3.991,771,30,,,
233,240893,2.05,96, 1.11, 4.007,777,31,,,
234,241085,2.05,103, 1.12, 4.007,192,31,,,
235,242013,2.04,131, 1.12, 4.007,928,31,,,
236,243650,2.04,112, 1.10, 4.009,1637,31,,,
237,245272,2.05,101, 1.16, 4.025,1622,31,,,
238,246938,2.06,114, 1.17, 4.026,1666,31,,,
239,248556,2.06,108, 1.25, 4.043,1618,31,,,
240,250254,2.06,104, 1.22, 4.044,1698,31,,,
241,251842,2.02,99, 1.21, 4.110,1588,31,,,
242,253538,2.02,116, 1.37, 4.126,1696,31,,,
243,255210,2.02,108, 1.13, 4.128,1672,31,,,
244,256843,2.03,114, 1.27, 4.144,1633,31,,,
245,258394,2.03,112, 1.21, 4.145,1551,31,,,
246,260022,2.03,109, 1.25, 4.146,1628,31,,,
247,261493,2.03,109, 1.30, 4.163,1471,31,,,
248,263024,2.03,126, 1.16, 4.164,1531,31,,,
249,264596,2.03,129, 1.27, 4.164,1572,31,,,
250,266128,2.03,122, 1.31, 4.182,1532,31,,,
251,267622,2.03,105, 1.36, 4.182,1494,31,,,
252,269155,2.04,120, 1.42, 4.199,1533,31,,,
253,270620,2.04,119, 1.42, 4.200,1465,31,,,
254,271992,2.04,133, 1.21, 4.201,1372,32,,,
255,273166,2.05,127, 1.17, 4.217,1174,32,,,
256,274500,2.03,124, 1.60, 4.292,1334,32,,,
257,275535,2.01,107, 1.42, 4.310,1035,28,,,
258,277179,2.02,119, 1.33, 4.310,1644,28,,,
259,278666,2.02,117, 1.18, 4.311,1487,28,,,
260,280129,2.02,124, 1.14, 4.327,1463,29,,,
261,281506,2.02,111, 1.19, 4.329,1377,29,,,
262,282931,2.02,106, 1.29, 4.345,1425,30,,,
263,284448,2.02,115, 1.23, 4.346,1517,30,,,
264,286026,2.02,110, 1.42, 4.347,1578,31,,,
265,287629,2.02,115, 1.15, 4.364,1603,31,,,
266,289157,2.02,109, 1.12, 4.365,1528,31,,,
267,290632,2.02,110, 1.20, 4.365,1475,31,,,
268,291939,2.02,117, 1.19, 4.382,1307,31,,,
269,293325,2.02,115, 1.20, 4.383,1386,32,,,
270,294682,2.02,108, 1.14, 4.384,1357,32,,,
271,295990,2.03,145, 1.46, 4.523,1308,32,,,
272,297325,1.99,126, 1.54, 4.514,1335,32,,,
273,298737,2.0,115, 1.49, 4.515,1412,32,,,
274,300081,2.0,119, 1.40, 4.532,1344,32,,,
275,301450,2.0,113, 1.24, 4.533,1369,32,,,
276,302800,2.0,114, 1.12, 4.533,1350,32,,,
277,303968,2.0,137, 1.73, 4.549,1168,32,,,
278,305263,2.0,120, 1.39, 4.550,1295,33,,,
279,306565,2.0,117, 1.30, 4.551,1302,34,,,
280,307782,2.01,113, 1.15, 4.552,1217,34,,,
281,308978,2.01,119, 1.12, 4.568,1196,35,,,
282,310308,2.01,115, 1.18, 4.569,1330,35,,,
283,311322,2.08,151, 1.78, 4.781,1014,35,,,
284,312417,2.07,107, 1.75, 4.792,1095,35,,,
285,313586,2.07,121, 1.39, 4.792,1169,35,,,
286,314717,2.07,139, 1.24, 4.793,1131,35,,,
287,315959,2.07,117, 1.31, 4.794,1242,36,,,
288,316963,2.08,104, 1.24, 4.810,1004,36,,,
289,318250,2.08,134, 1.14, 4.811,1287,37,,,
290,319567,2.08,111, 1.31, 4.812,1317,31,,,
291,320653,2.08,114, 1.59, 4.828,1086,32,,,
292,321971,2.08,111, 1.37, 4.828,1318,33,,,
293,323289,2.08,102, 1.35, 4.829,1318,33,,,
294,324479,2.08,121, 1.52, 4.845,1190,32,,,
295,326104,2.08,100, 1.33, 4.847,1625,33,,,
296,327402,2.08,96, 1.28, 4.847,1298,33,,,
297,328257,2.08,110, 1.21, 4.864,855,30,,,
298,330051,2.07,100, 1.72, 4.986,1794,30,,,
299,331596,2.06,96, 1.53, 4.985,1545,27,,,
300,332646,2.06,105, 1.38, 5.002,1050,27,,,
301,334014,2.06,113, 1.24, 5.003,1368,27,,,
302,335448,2.06,124, 1.34, 5.004,1434,28,,,
303,336873,2.06,125, 1.31, 5.020,1425,28,,,
304,338395,2.06,111, 1.27, 5.021,1522,29,,,
305,339809,2.06,116, 1.32, 5.022,1414,32,,,
306,341204,2.06,127, 1.11, 5.039,1395,34,,,
307,342702,2.07,97, 1.09, 5.039,1498,32,,,
308,343836,2.07,121, 1.17, 5.040,1134,35,,,
309,345422,2.07,112, 1.17, 5.057,1586,34,,,
310,347275,2.07,98, 1.16, 5.058,1853,34,,,
311,349018,2.07,131, 2.81, 5.074,1743,34,,,
312,350642,2.07,116, 1.70, 5.075,1624,34,,,
313,352116,2.3,155, 1.86, 5.316,1474,34,,,
314,353838,2.28,106, 1.68, 5.309,1722,34,,,
315,355596,2.28,120, 1.28, 5.325,1758,34,,,
316,357291,2.29,111, 1.24, 5.326,1695,34,,,
317,358998,2.19,118, 1.27, 5.344,1707,34,,,
318,360714,2.19,100, 1.29, 5.344,1716,35,,,
319,362390,2.19,131, 1.34, 5.362,1676,35,,,
320,364037,2.19,137, 1.18, 5.362,1647,35,,,
321,365630,2.19,117, 1.06, 5.379,1593,36,,,
322,367324,2.19,121, 1.19, 5.379,1694,36,,,
323,368936,2.19,107, 1.50, 5.381,1612,35,,,
324,370397,2.19,103, 1.34, 5.397,1461,35,,,
325,371821,2.19,102, 1.17, 5.398,1424,33,,,
326,373327,2.19,110, 1.10, 5.414,1506,33,,,
327,374732,2.19,114, 1.20, 5.416,1405,33,,,
328,376019,2.2,127, 1.56, 5.567,1287,33,,,
329,377375,2.17,121, 1.92, 5.551,1356,33,,,
330,378770,2.17,120, 1.57, 5.552,1395,33,,,
331,379990,2.17,123, 1.27, 5.568,1220,33,,,
332,381245,2.17,124, 1.25, 5.570,1255,33,,,
333,382453,2.17,136, 1.36, 5.570,1208,33,,,
334,383618,2.17,129, 1.33, 5.586,1165,33,,,
335,384295,2.17,122, 1.30, 5.587,677,30,,,
336,385697,2.17,117, 1.11, 5.603,1402,30,,,
337,386573,2.17,117, 1.32, 5.603,876,32,,,
338,387647,2.17,132, 1.29, 5.605,1074,34,,,
339,388640,2.17,116, 1.44, 5.621,993,34,,,
340,389556,2.17,133, 1.23, 5.622,916,36,,,
341,390624,2.17,119, 1.14, 5.622,1068,36,,,
342,391733,2.17,125, 1.15, 5.638,1109,36,,,
343,392764,2.19,131, 1.50, 5.795,1031,36,,,
344,393833,2.18,118, 1.63, 5.762,1069,36,,,
345,394958,2.18,116, 1.30, 5.779,1125,36,,,
346,396205,2.18,119, 1.33, 5.780,1247,36,,,
347,397399,2.18,120, 1.30, 5.796,1194,36,,,
348,398525,2.18,124, 1.32, 5.797,1126,36,,,
349,399617,2.18,128, 1.20, 5.813,1092,36,,,
350,400741,2.18,122, 1.10, 5.813,1124,36,,,
351,401872,2.19,138, 1.24, 5.831,1131,37,,,
352,402517,2.17,142, 1.96, 5.828,645,37,,,
353,403670,2.16,93, 1.49, 5.818,1153,27,,,
354,404648,2.16,120, 1.25, 5.819,978,28,,,
355,405712,2.16,128, 1.38, 5.819,1064,29,,,
356,406876,2.17,111, 1.21, 5.836,1164,28,,,
357,408079,2.17,136, 1.42, 5.836,1203,28,,,
358,409491,2.33,119, 1.37, 6.006,1412,27,,,
359,410700,2.34,119, 1.30, 6.007,1209,27,,,
360,411906,2.34,113, 1.23, 6.007,1206,28,,,
361,413023,2.34,120, 1.33, 6.023,1117,28,,,
362,414199,2.34,128, 2.27, 6.024,1176,29,,,
363,415422,2.34,129, 1.60, 6.026,1223,30,,,
364,416638,2.34,123, 1.27, 6.042,1216,30,,,
365,417895,2.34,128, 1.30, 6.042,1257,30,,,
366,419139,2.34,129, 1.48, 6.043,1244,30,,,
367,420341,2.34,124, 1.33, 6.059,1202,30,,,
368,421467,2.34,122, 1.31, 6.061,1126,31,,,
369,422650,2.34,133, 1.16, 6.061,1183,31,,,
370,423815,2.34,126, 1.54, 6.077,1165,32,,,
371,424972,2.34,121, 1.32, 6.078,1157,32,,,
372,426149,2.34,138, 1.24, 6.094,1177,32,,,
373,427027,2.49,148, 1.58, 6.094,878,32,,,
374,427881,2.45,138, 2.22, 6.287,854,35,,,
375,428941,2.45,130, 1.45, 6.287,1060,35,,,
376,429878,2.45,135, 1.36, 6.303,937,35,,,
377,430789,2.48,124, 1.38, 6.304,911,36,,,
378,432195,2.48,127, 1.31, 6.305,1406,36,,,
379,433464,2.48,123, 1.36, 6.322,1269,37,,,
380,434854,2.48,139, 1.25, 6.322,1390,38,,,
381,436126,2.48,126, 1.33, 6.339,1272,38,,,
382,437496,2.48,119, 1.35, 6.339,1370,38,,,
383,438804,2.49,129, 1.24, 6.341,1308,38,,,
384,440194,2.49,120, 1.26, 6.357,1390,38,,,
385,441680,2.49,119, 1.47, 6.358,1486,37,,,
386,443068,2.49,126, 1.41, 6.374,1388,37,,,
387,444474,2.49,121, 1.26, 6.375,1406,37,,,
388,445722,2.5,140, 1.79, 6.470,1248,37,,,
389,447071,2.47,95, 2.31, 6.441,1349,37,,,
390,448451,2.47,122, 1.60, 6.442,1380,38,,,
391,449619,2.48,117, 1.34, 6.458,1168,37,,,
392,450955,2.48,121, 1.20, 6.459,1336,37,,,
393,452477,2.48,120, 1.17, 6.461,1522,37,,,
394,453720,2.48,117, 1.20, 6.477,1243,37,,,
395,455063,2.48,122, 1.31, 6.477,1343,37,,,
396,456242,2.49,133, 1.68, 6.496,1179,37,,,
397,457390,2.47,107, 1.84, 6.474,1148,37,,,
398,458477,2.47,130, 1.79, 6.476,1087,37,,,
399,459588,2.47,124, 1.47, 6.492,1111,37,,,
400,460628,2.47,125, 1.29, 6.492,1040,33,,,
401,461820,2.47,120, 1.15, 6.493,1192,33,,,
402,462970,2.47,114, 1.26, 6.509,1150,33,,,
403,464011,2.53,114, 1.46, 6.583,1041,35,,,
404,465157,2.53,111, 1.27, 6.584,1146,35,,,
405,466231,2.53,116, 1.35, 6.601,1074,35,,,
406,467318,2.53,130, 1.22, 6.601,1087,35,,,
407,468507,2.53,119, 1.23, 6.602,1189,35,,,
408,469665,2.53,123, 1.27, 6.618,1158,35,,,
409,470850,2.53,109, 1.17, 6.619,1185,35,,,
410,472046,2.53,137, 1.24, 6.620,1196,35,,,
411,473229,2.53,130, 1.32, 6.636,1183,35,,,
412,474322,2.54,116, 1.26, 6.637,1093,35,,,
413,475205,2.54,128, 1.09, 6.653,883,35,,,
414,476341,2.54,123, 1.40, 6.654,1136,29,,,
415,477328,2.54,116, 1.26, 6.655,987,29,,,
416,478341,2.54,113, 1.27, 6.655,1013,29,,,
417,479319,2.54,126, 1.13, 6.672,978,29,,,
418,480199,2.52,153, 1.36, 6.748,880,29,,,
419,481091,2.51,114, 1.31, 6.730,892,31,,,
420,482134,2.51,136, 1.22, 6.731,1043,31,,,
421,483065,2.51,129, 1.21, 6.748,931,31,,,
422,484237,2.51,131, 1.12, 6.748,1172,31,,,
423,485504,2.51,125, 1.20, 6.749,1267,31,,,
424,486031,2.51,123, 1.18, 6.765,527,23,,,
425,487490,2.51,126, 1.26, 6.766,1459,23,,,
426,488453,2.51,129, 1.36, 6.766,963,25,,,
427,489349,2.51,125, 1.24, 6.767,896,26,,,
428,490822,2.51,95, 1.23, 6.783,1473,30,,,
429,491988,2.51,139, 1.12, 6.784,1166,29,,,
430,493450,2.51,126, 1.22, 6.801,1462,29,,,
431,494909,2.51,117, 1.18, 6.801,1459,29,,,
432,496316,2.51,122, 1.10, 6.802,1407,32,,,
433,497545,2.59,139, 1.33, 6.979,1229,32,,,
434,498910,2.56,124, 1.67, 6.956,1365,32,,,
435,500351,2.56,118, 1.39, 6.957,1441,33,,,
436,501881,2.56,113, 1.63, 6.973,1530,33,,,
437,503436,2.56,114, 1.23, 6.974,1555,33,,,
438,504986,2.47,112, 1.22, 6.991,1550,33,,,
439,506563,2.47,120, 1.15, 6.992,1577,33,,,
440,508074,2.48,129, 1.21, 7.008,1511,35,,,
441,509533,2.48,128, 1.49, 7.010,1459,35,,,
442,511029,2.48,115, 1.29, 7.011,1496,35,,,
443,512561,2.48,122, 1.47, 7.027,1532,35,,,
444,514070,2.48,110, 1.31, 7.028,1509,36,,,
445,515584,2.48,117, 1.25, 7.045,1514,38,,,
446,516885,2.79,167, 1.32, 7.462,1301,38,,,
447,518244,2.73,121, 2.00, 7.299,1359,38,,,
448,519809,2.74,119, 1.50, 7.315,1565,38,,,
449,521364,2.74,123, 1.54, 7.316,1555,37,,,
450,522951,2.75,126, 1.42, 7.333,1587,37,,,
451,524680,2.75,116, 1.25, 7.334,1729,37,,,
452,526332,2.75,125, 1.20, 7.334,1652,37,,,
453,528048,2.76,116, 1.13, 7.352,1716,37,,,
454,529590,2.76,99, 1.29, 7.353,1542,37,,,
455,531066,2.77,127, 1.18, 7.369,1476,37,,,
456,532426,2.77,125, 1.21, 7.370,1360,37,,,
457,533718,2.78,128, 1.31, 7.370,1292,38,,,
458,534830,2.78,128, 1.31, 7.387,1112,38,,,
459,535611,2.78,136, 1.36, 7.388,781,38,,,
460,536683,2.78,130, 1.29, 7.388,1072,31,,,
461,537690,2.95,137, 1.36, 7.482,1007,31,,,
462,538869,2.78,115, 2.09, 7.465,1179,31,,,
463,540232,2.78,121, 1.47, 7.466,1363,31,,,
464,541609,2.78,113, 1.68, 7.468,1377,31,,,
465,542967,2.78,124, 1.32, 7.484,1358,31,,,
466,544455,2.78,110, 2.07, 7.485,1488,32,,,
467,545781,2.78,135, 1.71, 7.485,1326,32,,,
468,547006,2.79,115, 1.56, 7.502,1225,33,,,
469,548297,2.79,118, 1.30, 7.503,1291,32,,,
470,549640,2.79,122, 1.11, 7.519,1343,34,,,
471,551334,2.79,116, 1.14, 7.520,1694,32,,,
472,552346,2.79,126, 1.29, 7.520,1012,33,,,
473,553688,2.79,114, 1.25, 7.538,1342,33,,,
474,555142,2.79,113, 1.41, 7.538,1454,35,,,
475,556571,2.79,121, 1.20, 7.539,1429,35,,,
476,557709,2.86,170, 1.23, 8.029,1138,35,,,
477,559031,2.84,126, 1.68, 7.787,1322,35,,,
478,560535,2.84,112, 1.49, 7.788,1504,35,,,
479,562189,2.84,110, 1.35, 7.788,1654,34,,,
480,563787,2.84,106, 1.25, 7.805,1598,32,,,
481,564785,2.85,114, 1.58, 7.822,998,31,,,
482,566514,2.85,108, 1.34, 7.823,1729,30,,,
483,568167,2.85,124, 1.27, 7.823,1653,31,,,
484,569763,2.85,115, 1.10, 7.840,1596,31,,,
485,571422,2.85,117, 1.39, 7.842,1659,31,,,
486,573139,2.85,111, 1.24, 7.858,1717,32,,,
487,574795,2.85,1, 1.12, 7.859,1656,32,,,
488,576142,2.85,118, 1.08, 7.875,1347,33,,,
489,578115,2.85,111, 1.03, 7.876,1973,34,,,
490,579901,2.85,101, 1.21, 7.878,1786,35,,,
491,581639,3.04,129, 1.42, 8.142,1738,35,,,
492,583248,2.84,134, 2.01, 7.910,1609,35,,,
493,584772,2.83,137, 1.66, 7.894,1524,37,,,
494,586703,2.83,109, 1.35, 7.896,1931,36,,,
495,588520,2.83,110, 1.28, 7.897,1817,37,,,
496,590379,2.83,120, 1.21, 7.913,1859,37,,,
497,592164,2.83,115, 1.12, 7.914,1785,37,,,
498,593958,2.83,113, 1.20, 7.931,1794,37,,,
499,595767,2.83,110, 1.07, 7.932,1809,36,,,
500,597590,2.83,112, 1.20, 7.933,1823,36,,,
501,599360,2.83,111, 1.34, 7.950,1770,36,,,
502,601229,2.83,106, 1.39, 7.951,1869,36,,,
503,603042,2.83,120, 1.25, 7.968,1813,36,,,
504,604965,2.83,112, 1.30, 7.970,1923,36,,,
505,606951,2.83,115, 1.19, 7.986,1986,36,,,
506,608667,2.87,107, 1.32, 8.030,1716,36,,,
507,610432,2.85,103, 1.25, 8.020,1765,36,,,
508,612331,2.85,107, 1.15, 8.036,1899,35,,,
509,614437,2.85,97, 1.25, 8.038,2106,35,,,
510,616145,2.85,105, 1.14, 8.055,1708,35,,,
511,617954,2.85,116, 1.09, 8.056,1809,34,,,
512,619953,2.85,99, 1.11, 8.057,1999,34,,,
513,621657,2.85,102, 1.15, 8.074,1704,34,,,
514,623669,2.85,110, 1.32, 8.090,2012,34,,,
515,625532,2.85,104, 1.11, 8.091,1863,34,,,
516,627217,2.85,117, 1.24, 8.109,1685,34,,,
517,629161,2.85,101, 1.31, 8.110,1944,34,,,
518,631136,2.85,100, 1.31, 8.111,1975,34,,,
519,633083,2.85,110, 1.15, 8.127,1947,35,,,
520,635478,2.85,106, 1.16, 8.129,2395,34,,,
521,636777,2.86,124, 1.29, 8.190,1299,34,,,
522,638589,2.85,134, 1.32, 8.178,1812,35,,,
523,640546,2.85,113, 1.26, 8.196,1957,34,,,
524,642413,2.85,107, 1.28, 8.197,1867,34,,,
525,644305,2.85,109, 1.18, 8.197,1892,34,,,
526,646290,2.85,110, 1.12, 8.214,1985,33,,,
527,648249,2.85,109, 1.20, 8.216,1959,33,,,
528,650336,2.85,108, 1.19, 8.232,2087,33,,,
529,652371,2.85,107, 1.17, 8.233,2035,33,,,
530,654039,2.85,137, 1.14, 8.251,1668,33,,,
531,656107,2.85,110, 1.19, 8.252,2068,31,,,
532,658061,2.85,100, 1.15, 8.268,1954,31,,,
533,660000,2.85,112, 1.32, 8.269,1939,31,,,
534,661895,2.85,107, 1.18, 8.271,1895,32,,,
535,663805,2.85,116, 1.16, 8.287,1910,32,,,
536,665501,2.86,137, 1.28, 8.353,1696,32,,,
537,667362,2.85,105, 1.55, 8.338,1861,33,,,
538,669268,2.85,112, 1.23, 8.339,1906,32,,,
539,671201,2.85,109, 1.37, 8.355,1933,32,,,
540,673080,2.85,107, 1.22, 8.356,1879,31,,,
541,675103,2.85,107, 1.76, 8.374,2023,31,,,
542,676993,2.85,102, 1.33, 8.375,1890,31,,,
543,678914,2.85,99, 1.12, 8.376,1921,31,,,
544,680914,2.85,113, 1.36, 8.392,2000,31,,,
545,682841,2.86,107, 1.35, 8.394,1927,31,,,
546,684608,2.85,107, 1.50, 8.399,1767,32,,,
547,686592,2.85,105, 1.30, 8.401,1984,32,,,
548,688338,2.85,102, 1.36, 8.418,1746,32,,,
549,690236,2.85,102, 1.28, 8.418,1898,32,,,
550,692172,2.85,109, 1.20, 8.435,1936,32,,,
551,693943,2.87,110, 1.35, 8.478,1771,32,,,
552,695831,2.87,108, 1.35, 8.495,1888,32,,,
553,697775,2.87,105, 1.35, 8.495,1944,33,,,
554,699696,2.87,107, 1.26, 8.497,1921,33,,,
555,701534,2.87,96, 1.20, 8.514,1838,34,,,
556,703484,2.88,106, 1.12, 8.515,1950,33,,,
557,705391,2.88,109, 1.13, 8.531,1907,34,,,
558,707913,2.88,104, 1.17, 8.533,2522,34,,,
559,709084,2.88,99, 1.30, 8.534,1171,34,,,
560,710958,2.88,110, 1.14, 8.551,1874,34,,,
561,712878,2.88,106, 1.29, 8.552,1920,34,,,
562,714806,2.88,109, 1.38, 8.568,1928,34,,,
563,716603,2.88,110, 1.21, 8.570,1797,34,,,
564,718541,2.88,114, 1.24, 8.586,1938,34,,,
565,720845,2.88,93, 1.24, 8.587,2304,35,,,
566,721849,2.88,0, 1.02, 8.588,1004,34,,,
567,722131,2.86,135, 0.68, 8.663,282,34,,,
568,723911,2.84,112, 1.36, 8.637,1780,35,,,
569,725762,2.84,105, 1.16, 8.638,1851,35,,,
570,727613,2.84,101, 1.10, 8.655,1851,35,,,
571,729288,2.84,109, 1.07, 8.656,1675,35,,,
572,731179,2.84,111, 1.17, 8.673,1891,35,,,
573,733113,2.84,103, 1.06, 8.674,1934,35,,,
574,735145,2.84,104, 1.29, 8.690,2032,35,,,
575,737094,2.84,109, 1.26, 8.692,1949,36,,,
576,739012,2.84,105, 1.20, 8.709,1918,35,,,
577,740922,2.85,104, 1.16, 8.710,1910,36,,,
578,742768,2.85,99, 1.06, 8.712,1846,36,,,
579,744478,2.87,110, 1.06, 8.728,1710,36,,,
580,746372,2.87,106, 1.19, 8.744,1894,36,,,
581,748346,2.87,105, 1.21, 8.745,1974,36,,,
582,749956,2.86,122, 1.34, 8.745,1610,36,,,
583,751862,2.86,104, 1.37, 8.793,1906,36,,,
584,753714,2.86,112, 1.23, 8.794,1852,36,,,
585,755615,2.86,107, 1.17, 8.811,1901,36,,,
586,757188,2.86,110, 1.12, 8.827,1573,36,,,
587,759146,2.86,99, 1.15, 8.828,1958,36,,,
588,760921,2.88,113, 1.84, 8.847,1775,36,,,
589,762468,2.88,111, 1.55, 8.835,1547,36,,,
590,764139,2.88,108, 1.20, 8.851,1671,36,,,
591,765995,2.88,105, 1.11, 8.852,1856,36,,,
592,767840,2.88,107, 1.55, 8.868,1845,36,,,
593,769448,2.88,108, 1.46, 8.870,1608,38,,,
594,771432,2.86,107, 1.17, 8.886,1984,37,,,
595,773301,2.86,109, 1.16, 8.887,1869,37,,,
596,775217,2.87,100, 1.10, 8.888,1916,37,,,
597,776955,2.88,139, 1.41, 9.127,1738,37,,,
598,778851,2.83,111, 1.33, 9.090,1896,37,,,
599,780734,2.83,118, 1.12, 9.106,1883,39,,,
600,782434,2.83,109, 1.16, 9.107,1700,36,,,
601,784382,2.84,110, 1.14, 9.124,1948,36,,,
602,786313,2.84,112, 1.14, 9.125,1931,36,,,
603,788197,2.84,103, 1.16, 9.142,1884,36,,,
604,790181,2.84,109, 1.22, 9.143,1984,36,,,
605,792033,2.84,108, 1.21, 9.160,1852,36,,,
606,793910,2.84,110, 1.10, 9.161,1877,36,,,
607,795727,2.84,108, 1.19, 9.162,1817,36,,,
608,798216,2.85,103, 1.10, 9.178,2489,35,,,
609,799569,2.85,97, 1.12, 9.180,1353,35,,,
610,801438,2.85,108, 1.08, 9.197,1869,35,,,
611,803385,2.85,102, 1.26, 9.198,1947,36,,,
612,805233,2.84,117, 1.40, 9.275,1848,36,,,
613,807124,2.82,107, 1.46, 9.252,1891,36,,,
614,809189,2.82,107, 1.25, 9.253,2065,37,,,
615,811086,2.82,108, 1.28, 9.270,1897,37,,,
616,813115,2.82,110, 1.28, 9.272,2029,37,,,
617,815674,2.83,105, 1.49, 9.288,2559,37,,,
618,816848,2.83,108, 1.18, 9.289,1174,37,,,
619,818875,2.83,103, 1.10, 9.307,2027,37,,,
620,820800,2.83,136, 1.14, 9.307,1925,38,,,
621,822701,2.81,109, 1.38, 9.300,1901,38,,,
622,824559,2.82,110, 1.38, 9.317,1858,38,,,
623,826591,2.82,107, 1.28, 9.334,2032,38,,,
624,828529,2.82,99, 1.10, 9.335,1938,38,,,
625,830559,2.82,108, 1.21, 9.352,2030,38,,,
626,832638,2.82,99, 1.12, 9.353,2079,38,,,
627,834454,2.85,100, 1.33, 9.396,1816,39,,,
628,836396,2.86,101, 1.12, 9.413,1942,39,,,
629,838387,2.86,107, 1.17, 9.415,1991,39,,,
630,840328,2.86,111, 1.15, 9.431,1941,40,,,
631,842257,2.86,107, 1.80, 9.432,1929,41,,,
632,844140,2.86,106, 1.49, 9.449,1883,40,,,
633,846147,2.86,103, 1.34, 9.451,2007,40,,,
634,848135,2.86,105, 1.12, 9.467,1988,40,,,
635,850140,2.86,101, 1.04, 9.468,2005,40,,,
636,852145,2.86,104, 1.16, 9.469,2005,40,,,
637,854086,2.86,107, 1.19, 9.487,1941,39,,,
638,855820,2.86,106, 1.20, 9.487,1734,39,,,
639,857717,2.9,128, 1.35, 9.506,1897,38,,,
640,859650,2.89,103, 1.40, 9.493,1933,38,,,
641,861579,2.89,105, 1.14, 9.510,1929,38,,,
642,863405,2.86,103, 1.23, 9.553,1826,37,,,
643,865441,2.87,103, 1.08, 9.569,2036,38,,,
644,867525,2.87,113, 1.18, 9.570,2084,38,,,
645,869506,2.87,106, 1.10, 9.587,1981,38,,,
646,871565,2.87,101, 1.10, 9.589,2059,39,,,
647,873394,2.87,0, 1.04, 9.590,1829,38,,,
648,875387,2.87,99, 1.11, 9.606,1993,38,,,
649,877542,2.87,96, 1.17, 9.607,2155,37,,,
650,879022,2.88,97, 1.06, 9.625,1480,37,,,
651,881092,2.88,90, 1.02, 9.626,2070,36,,,
652,883502,2.88,92, 1.08, 9.642,2410,36,,,
653,885432,2.88,109, 1.03, 9.643,1930,36,,,
654,887604,2.88,99, 1.01, 9.661,2172,37,,,
655,889708,2.88,102, 1.22, 9.662,2104,37,,,
656,891796,2.88,103, 1.14, 9.678,2088,37,,,
657,893714,2.87,134, 1.61, 9.744,1918,37,,,
658,895842,2.85,105, 1.48, 9.714,2128,37,,,
659,898065,2.85,97, 1.17, 9.731,2223,37,,,
660,900215,2.85,108, 1.19, 9.733,2150,38,,,
661,902157,2.85,106, 1.28, 9.749,1942,37,,,
662,904199,2.85,107, 1.19, 9.750,2042,37,,,
663,906278,2.85,107, 1.19, 9.767,2079,37,,,
664,908357,2.85,104, 1.41, 9.769,2079,37,,,
665,910350,2.85,99, 1.31, 9.786,1993,37,,,
666,912354,2.85,102, 1.24, 9.787,2004,37,,,
667,914562,2.85,104, 1.16, 9.788,2208,37,,,
668,916395,2.85,107, 1.76, 9.804,1833,37,,,
669,918482,2.85,110, 1.42, 9.806,2087,37,,,
670,920577,2.85,107, 1.20, 9.823,2095,37,,,
671,922643,2.86,102, 1.14, 9.825,2066,37,,,
672,924554,2.87,123, 1.42, 9.909,1911,38,,,
673,926613,2.85,106, 1.60, 9.873,2059,38,,,
674,928653,2.85,108, 1.22, 9.889,2040,38,,,
675,930875,2.85,107, 1.12, 9.891,2222,38,,,
676,933809,2.85,103, 1.16, 9.908,2934,38,,,
677,935184,2.85,104, 1.18, 9.909,1375,38,,,
678,937329,2.85,107, 1.06, 9.911,2145,38,,,
679,939434,2.85,110, 1.10, 9.927,2105,38,,,
680,941297,2.85,133, 1.09, 9.928,1863,37,,,
681,943517,2.85,102, 1.03, 9.946,2220,37,,,
682,945625,2.85,99, 1.07, 9.947,2108,37,,,
683,947744,2.85,105, 0.98, 9.964,2119,37,,,
684,949895,2.85,106, 1.02, 9.965,2151,37,,,
685,951971,2.85,107, 1.16, 9.966,2076,37,,,
686,954050,2.85,110, 1.56, 9.983,2079,37,,,
687,955951,2.86,105, 1.95,10.034,1901,37,,,
688,958056,2.85,105, 1.48,10.030,2105,37,,,
689,960150,2.85,105, 1.26,10.030,2094,38,,,
690,962217,2.85,111, 1.13,10.048,2067,37,,,
691,964377,2.85,108, 1.18,10.049,2160,38,,,
692,966473,2.86,109, 1.21,10.050,2096,38,,,
693,968565,2.85,106, 1.12,10.067,2092,38,,,
694,970287,2.85,99, 1.14,10.068,1722,39,,,
695,972510,2.85,102, 1.30,10.085,2223,39,,,
696,974609,2.85,108, 1.15,10.087,2099,39,,,
697,976801,2.86,105, 1.06,10.088,2192,39,,,
698,978861,2.85,101, 1.12,10.104,2060,39,,,
699,980965,2.86,108, 1.14,10.105,2104,38,,,
700,983109,2.86,105, 1.12,10.123,2144,38,,,
701,985012,2.86,104, 1.19,10.140,1903,38,,,
702,986859,2.86,107, 1.35,10.187,1847,38,,,
703,988987,2.86,102, 1.34,10.185,2128,38,,,
704,991055,2.86,103, 1.12,10.186,2068,38,,,
705,993318,2.86,96, 1.04,10.188,2263,39,,,
706,995420,2.86,104, 1.01,10.204,2102,38,,,
707,997495,2.86,83, 1.00,10.205,2075,38,,,
708,999781,2.86,106, 1.17,10.223,2286,38,,,
709,1002044,2.86,103, 1.23,10.224,2263,38,,,
710,1004256,2.86,106, 1.47,10.241,2212,38,,,
711,1006363,2.86,98, 1.24,10.242,2107,38,,,
712,1008532,2.86,107, 1.13,10.243,2169,38,,,
713,1010781,2.86,106, 1.09,10.260,2249,38,,,
714,1012996,2.86,107, 1.03,10.262,2215,38,,,
715,1015112,2.86,108, 1.04,10.279,2116,38,,,
716,1017441,2.86,104, 1.17,10.280,2329,38,,,
717,1019478,2.87,132, 1.46,10.352,2037,39,,,
718,1021791,2.86,105, 1.28,10.325,2313,39,,,
719,1023717,2.87,118, 1.37,10.348,1926,40,,,
720,1025634,2.85,107, 1.28,10.319,1917,40,,,
721,1027738,2.86,106, 1.10,10.335,2104,40,,,
722,1029843,2.86,108, 1.08,10.337,2105,40,,,
723,1032086,2.86,108, 1.20,10.354,2243,40,,,
724,1034563,2.86,95, 1.14,10.355,2477,40,,,
725,1036673,2.86,101, 1.05,10.372,2110,40,,,
726,1038987,2.86,104, 1.07,10.373,2314,40,,,
727,1040731,2.86,110, 1.18,10.389,1744,41,,,
728,1043374,2.86,109, 1.23,10.390,2643,41,,,
729,1044668,2.86,103, 1.08,10.407,1294,41,,,
730,1046829,2.86,102, 1.06,10.408,2161,42,,,
731,1049025,2.86,104, 1.24,10.425,2196,41,,,
732,1050879,2.88,108, 1.70,10.470,1854,41,,,
733,1053002,2.88,105, 1.26,10.486,2123,41,,,
734,1054869,2.88,142, 1.14,10.487,1867,42,,,
735,1056919,2.88,103, 1.13,10.505,2050,41,,,
736,1058968,2.88,128, 1.14,10.505,2049,42,,,
737,1061053,2.88,103, 1.11,10.522,2085,41,,,
738,1063178,2.88,103, 1.45,10.523,2125,41,,,
739,1065235,2.88,105, 1.16,10.541,2057,40,,,
740,1067449,2.88,103, 1.09,10.542,2214,41,,,
741,1069117,2.89,44, 1.69,10.725,1668,40,,,
742,1069951,2.86,108, 1.18,10.716,834,41,,,
743,1071957,2.8,106, 2.20,10.717,2006,39,,,
744,1074106,2.81,105, 1.44,10.718,2149,39,,,
745,1076429,2.81,105, 1.23,10.735,2323,39,,,
746,1078631,2.81,101, 1.15,10.737,2202,39,,,
747,1080721,2.81,105, 1.10,10.756,2090,40,,,
748,1082983,2.81,108, 1.12,10.757,2262,40,,,
749,1085206,2.81,107, 1.17,10.759,2223,39,,,
750,1087385,2.82,120, 1.29,10.779,2179,39,,,
751,1089747,2.82,95, 1.14,10.762,2362,39,,,
752,1091929,2.82,100, 1.09,10.779,2182,39,,,
753,1094235,2.82,106, 1.80,10.780,2306,39,,,
754,1096429,2.82,94, 1.34,10.797,2194,39,,,
755,1098587,2.82,99, 1.12,10.798,2158,39,,,
756,1100911,2.84,96, 1.16,10.861,2324,40,,,
757,1102958,2.84,103, 1.47,10.863,2047,40,,,
758,1105214,2.84,96, 1.37,10.879,2256,40,,,
759,1107335,2.84,99, 1.30,10.880,2121,40,,,
760,1109653,2.84,104, 1.18,10.882,2318,39,,,
761,1112079,2.84,98, 1.10,10.899,2426,38,,,
762,1114448,2.84,92, 1.18,10.900,2369,39,,,
763,1116319,2.84,98, 1.21,10.918,1871,38,,,
764,1118583,2.84,104, 1.12,10.919,2264,38,,,
765,1120766,2.84,101, 1.04,10.935,2183,38,,,
766,1123745,2.84,99, 1.05,10.936,2979,39,,,
767,1125357,2.84,108, 1.06,10.954,1612,39,,,
768,1127489,2.84,119, 1.02,10.955,2132,41,,,
769,1129698,2.84,103, 1.19,10.957,2209,40,,,
770,1131896,2.84,120, 1.45,10.973,2198,41,,,
771,1133900,2.83,118, 1.57,11.039,2004,40,,,
772,1136017,2.82,105, 1.58,11.017,2117,41,,,
773,1138281,2.82,96, 1.28,11.018,2264,41,,,
774,1140415,2.82,110, 1.20,11.034,2134,42,,,
775,1142846,2.82,101, 1.43,11.036,2431,40,,,
776,1144825,2.82,100, 1.30,11.037,1979,40,,,
777,1146955,2.82,104, 1.74,11.054,2130,40,,,
778,1149146,2.83,106, 1.32,11.056,2191,40,,,
779,1151287,2.83,105, 1.27,11.073,2141,39,,,
780,1153262,2.83,104, 1.19,11.073,1975,39,,,
781,1155456,2.83,107, 1.22,11.091,2194,39,,,
782,1157780,2.83,96, 1.27,11.092,2324,39,,,
783,1159704,2.83,101, 1.17,11.093,1924,39,,,
784,1161936,2.83,104, 1.06,11.110,2232,39,,,
785,1163848,2.83,104, 1.10,11.127,1912,39,,,
786,1165777,2.83,108, 1.39,11.127,1929,39,,,
787,1168502,2.83,98, 1.27,11.166,2725,39,,,
788,1169989,2.83,141, 1.22,11.167,1487,40,,,
789,1172340,2.83,103, 1.13,11.168,2351,39,,,
790,1174575,2.83,101, 1.17,11.186,2235,39,,,
791,1176919,2.83,107, 1.06,11.187,2344,40,,,
792,1179817,2.83,101, 1.25,11.203,2898,39,,,
793,1181470,2.83,108, 1.09,11.205,1653,39,,,
794,1183744,2.83,107, 1.06,11.222,2274,39,,,
795,1186702,2.83,96, 1.35,11.223,2958,39,,,
796,1188200,2.84,97, 1.26,11.241,1498,39,,,
797,1190307,2.84,126, 1.02,11.242,2107,41,,,
798,1192245,2.84,130, 1.00,11.258,1938,40,,,
799,1193757,2.84,109, 1.10,11.275,1512,40,,,
800,1195975,2.84,103, 1.12,11.276,2218,40,,,
801,1197417,2.84,171, 1.40,11.341,1442,41,,,
802,1198910,2.83,122, 2.22,11.330,1493,40,,,
803,1200752,2.83,105, 1.53,11.348,1842,41,,,
804,1202932,2.87,107, 1.80,11.354,2180,40,,,
805,1204518,2.85,132, 1.89,11.336,1586,40,,,
806,1205891,2.85,126, 1.42,11.353,1373,40,,,
807,1207282,2.85,132, 4.73,11.385,1391,40,,,
808,1208754,2.85,127, 3.92,11.401,1472,40,,,
809,1210327,2.85,156, 3.52,11.417,1573,40,,,
810,1211678,2.85,125, 2.33,11.434,1351,40,,,
811,1212972,2.85,127, 2.73,11.451,1294,40,,,
812,1214928,2.85,130, 1.69,11.467,1956,40,,,
813,1216341,2.85,120, 1.25,11.468,1413,40,,,
814,1218329,2.85,121, 1.29,11.485,1988,40,,,
815,1220073,2.85,121, 1.21,11.502,1744,40,,,
816,1221574,2.84,108, 1.08,11.535,1501,40,,,
817,1223281,2.84,128, 1.08,11.551,1707,40,,,
818,1225196,2.84,106, 1.03,11.568,1915,40,,,
819,1227064,2.84,118, 1.06,11.585,1868,40,,,
820,1228869,2.84,121, 1.52,11.586,1805,40,,,
821,1230670,2.84,116, 1.26,11.603,1801,40,,,
822,1232385,2.84,115, 1.14,11.620,1715,40,,,
823,1234120,2.84,109, 1.09,11.621,1735,41,,,
824,1235759,2.84,105, 1.35,11.637,1639,41,,,
825,1238022,2.84,133, 1.38,11.654,2263,41,,,
826,1239075,2.84,128, 1.14,11.654,1053,41,,,
827,1240541,2.84,103, 0.97,11.672,1466,42,,,
828,1242311,2.84,106, 1.08,11.688,1770,43,,,
829,1244354,2.84,93, 1.46,11.689,2043,42,,,
830,1246381,2.84,96, 1.24,11.707,2027,42,,,
831,1248402,2.83,127, 1.49,11.751,2021,42,,,
832,1250289,2.83,105, 1.30,11.745,1887,42,,,
833,1252621,2.83,102, 1.24,11.746,2332,42,,,
834,1254912,2.83,101, 1.12,11.764,2291,42,,,
835,1256786,2.83,110, 1.08,11.765,1874,42,,,
836,1258529,2.83,112, 1.03,11.782,1743,41,,,
837,1260389,2.83,122, 1.01,11.783,1860,41,,,
838,1262157,2.83,115, 1.12,11.799,1768,42,,,
839,1263986,2.83,109, 1.17,11.816,1829,41,,,
840,1265974,2.83,104, 1.11,11.818,1988,41,,,
841,1268152,2.83,107, 1.15,11.834,2178,41,,,
842,1270446,2.83,99, 1.11,11.836,2294,41,,,
843,1272156,2.83,107, 1.24,11.853,1710,41,,,
844,1273860,2.83,121, 1.16,11.869,1704,41,,,
845,1275811,2.83,105, 1.89,11.870,1951,41,,,
846,1277724,2.84,120, 2.00,11.870,1913,41,,,
847,1279529,2.83,100, 2.02,11.908,1805,40,,,
848,1281591,2.83,99, 1.58,11.909,2062,40,,,
849,1283767,2.83,97, 1.36,11.926,2176,40,,,
850,1285964,2.83,103, 1.25,11.928,2197,39,,,
851,1288237,2.89,107, 1.26,11.945,2273,39,,,
852,1290446,2.89,98, 1.22,11.946,2209,40,,,
853,1292639,2.89,99, 1.17,11.962,2193,41,,,
854,1294861,2.89,97, 1.22,11.964,2222,41,,,
855,1297048,2.89,99, 1.12,11.965,2187,41,,,
856,1299347,2.89,101, 1.08,11.982,2299,41,,,
857,1301570,2.89,105, 1.10,11.984,2223,42,,,
858,1303741,2.89,114, 1.15,12.001,2171,42,,,
859,1305418,2.89,140, 1.05,12.001,1677,44,,,
860,1307360,2.89,110, 1.11,12.019,1942,43,,,
861,1309128,2.85,112, 1.38,12.087,1768,43,,,
862,1311318,2.85,95, 1.32,12.041,2190,43,,,
863,1313593,2.85,97, 1.22,12.057,2275,44,,,
864,1315782,2.85,101, 1.20,12.059,2189,45,,,
865,1317976,2.85,97, 1.24,12.076,2194,44,,,
866,1320124,2.86,103, 1.15,12.077,2148,44,,,
867,1322326,2.86,104, 1.17,12.095,2202,44,,,
868,1324604,2.86,104, 1.57,12.096,2278,44,,,
869,1326999,2.86,99, 1.21,12.097,2395,44,,,
870,1329335,2.86,99, 1.11,12.114,2336,44,,,
871,1331610,2.86,93, 1.11,12.115,2275,44,,,
872,1333900,2.86,98, 1.13,12.132,2290,43,,,
873,1335733,2.86,114, 1.13,12.328,1833,42,,,
874,1337912,2.83,117, 1.31,12.293,2179,41,,,
875,1340016,2.83,102, 1.37,12.304,2104,41,,,
876,1342131,2.86,102, 1.39,12.294,2115,43,,,
877,1343423,2.84,115, 1.47,12.294,1292,43,,,
878,1345135,2.85,97, 1.37,12.310,1712,43,,,
879,1347078,2.85,103, 1.21,12.328,1943,42,,,
880,1348988,2.85,114, 1.39,12.329,1910,43,,,
881,1351600,2.85,116, 1.42,12.345,2612,42,,,
882,1352798,2.84,106, 1.19,12.346,1198,41,,,
883,1354351,2.84,113, 1.16,12.362,1553,39,,,
884,1356138,2.84,110, 1.30,12.363,1787,40,,,
885,1357700,2.84,112, 1.60,12.381,1562,39,,,
886,1359158,2.84,142, 1.29,12.396,1458,39,,,
887,1360470,2.83,143, 1.10,12.412,1312,39,,,
888,1361744,2.85,130, 1.46,12.465,1274,39,,,
889,1363484,2.85,116, 1.31,12.482,1740,39,,,
890,1364879,2.85,124, 1.13,12.483,1395,38,,,
891,1366866,2.85,117, 1.05,12.499,1987,38,,,
892,1368692,2.85,110, 1.02,12.516,1826,37,,,
893,1369314,2.85,133, 1.14,12.533,622,37,,,
894,1371070,2.85,136, 1.12,12.534,1756,36,,,
895,1372435,2.85,129, 1.54,12.551,1365,36,,,
896,1373874,2.85,142, 1.41,12.567,1439,36,,,
897,1375628,2.85,108, 1.20,12.584,1754,38,,,
898,1377366,2.85,108, 1.29,12.584,1738,37,,,
899,1379153,2.85,104, 1.10,12.602,1787,38,,,
900,1380885,2.85,107, 1.75,12.618,1732,38,,,
901,1382697,2.85,114, 1.27,12.619,1812,37,,,
902,1384402,2.85,113, 1.75,12.637,1705,36,,,
903,1386118,2.85,128, 1.45,12.694,1716,36,,,
904,1387161,2.83,105, 1.34,12.671,1043,36,,,
905,1388945,2.83,104, 1.34,12.687,1784,36,,,
906,1390662,2.83,111, 1.12,12.688,1717,37,,,
907,1392381,2.83,130, 1.08,12.706,1719,39,,,
908,1394347,2.83,110, 1.03,12.722,1966,38,,,
909,1396068,2.83,117, 1.04,12.723,1721,37,,,
910,1397705,2.83,100, 1.16,12.740,1637,37,,,
911,1399388,2.83,104, 1.18,12.757,1683,37,,,
912,1401604,2.83,103, 1.07,12.758,2216,38,,,
913,1403038,2.83,113, 1.20,12.774,1434,39,,,
914,1404782,2.83,112, 1.23,12.776,1744,39,,,
915,1406465,2.83,107, 1.17,12.792,1683,39,,,
916,1408342,2.83,106, 1.18,12.809,1877,39,,,
917,1410286,2.83,107, 1.07,12.810,1944,39,,,
918,1412074,2.86,127, 1.37,12.870,1788,40,,,
919,1413966,2.83,94, 1.44,12.840,1892,40,,,
920,1415794,2.83,106, 1.16,12.857,1828,42,,,
921,1417542,2.83,131, 1.65,12.858,1748,45,,,
922,1419706,2.83,104, 1.36,12.875,2164,45,,,
923,1421337,2.83,110, 1.17,12.876,1631,45,,,
924,1423328,2.83,110, 1.17,12.893,1991,45,,,
925,1425186,2.83,101, 1.06,12.894,1858,45,,,
926,1426918,2.83,106, 1.02,12.910,1732,45,,,
927,1428692,2.83,117, 1.01,12.928,1774,45,,,
928,1430467,2.83,110, 1.10,12.929,1775,45,,,
929,1432331,2.83,106, 1.07,12.945,1864,45,,,
930,1434250,2.83,102, 1.14,12.946,1919,45,,,
931,1436204,2.83,97, 1.31,12.964,1954,45,,,
932,1438031,2.83,112, 1.21,12.964,1827,44,,,
933,1439719,2.85,123, 1.52,13.026,1688,44,,,
934,1441556,2.83,105, 1.64,12.994,1837,44,,,
935,1443343,2.83,113, 1.27,13.010,1787,44,,,
936,1445106,2.83,103, 1.53,13.027,1763,44,,,
937,1447030,2.83,109, 1.33,13.028,1924,44,,,
938,1448934,2.83,108, 1.12,13.045,1904,43,,,
939,1450834,2.83,117, 1.04,13.046,1900,42,,,
940,1452695,2.83,109, 1.06,13.063,1861,42,,,
941,1454620,2.83,112, 1.02,13.064,1925,42,,,
942,1456559,2.83,101, 1.05,13.081,1939,42,,,
943,1458557,2.83,103, 1.02,13.082,1998,42,,,
944,1460550,2.83,108, 1.15,13.099,1993,42,,,
945,1462556,2.83,107, 1.32,13.116,2006,42,,,
946,1464493,2.83,113, 1.12,13.117,1937,42,,,
947,1466411,2.83,97, 1.15,13.134,1918,42,,,
948,1468223,2.84,122, 1.53,13.186,1812,43,,,
949,1470134,2.84,105, 1.37,13.164,1911,43,,,
950,1472009,2.84,110, 1.28,13.165,1875,43,,,
951,1473922,2.84,104, 1.17,13.182,1913,43,,,
952,1475824,2.85,104, 1.06,13.184,1902,43,,,
953,1477700,2.85,111, 1.17,13.200,1876,43,,,
954,1479678,2.85,94, 1.15,13.201,1978,43,,,
955,1481661,2.85,112, 1.12,13.218,1983,42,,,
956,1483567,2.85,108, 1.53,13.220,1906,44,,,
957,1485488,2.85,104, 1.39,13.236,1921,44,,,
958,1487299,2.85,107, 1.14,13.237,1811,44,,,
959,1489312,2.85,102, 1.12,13.255,2013,43,,,
960,1491299,2.85,92, 1.85,13.271,1987,44,,,
961,1493179,2.85,108, 1.45,13.272,1880,44,,,
962,1495559,2.85,106, 1.45,13.288,2380,43,,,
963,1496552,2.85,119, 1.89,13.338,993,43,,,
964,1498308,2.83,104, 1.47,13.315,1756,42,,,
965,1500383,2.84,98, 1.17,13.316,2075,42,,,
966,1502338,2.84,106, 1.05,13.333,1955,42,,,
967,1504284,2.84,106, 1.07,13.334,1946,42,,,
968,1506133,2.84,101, 1.10,13.351,1849,42,,,
969,1508093,2.84,99, 1.08,13.368,1960,42,,,
970,1510016,2.84,104, 1.03,13.369,1923,41,,,
971,1511928,2.84,101, 1.02,13.386,1912,41,,,
972,1513628,2.99,128, 1.16,13.565,1700,40,,,
973,1515310,2.84,116, 2.10,13.542,1682,40,,,
974,1517133,2.84,111, 1.48,13.558,1823,40,,,
975,1519120,2.84,102, 1.23,13.560,1987,40,,,
976,1521141,2.84,104, 1.15,13.577,2021,40,,,
977,1523063,2.84,115, 1.15,13.578,1922,40,,,
978,1525114,2.84,93, 1.42,13.595,2051,40,,,
979,1527104,2.84,101, 1.33,13.596,1990,40,,,
980,1529222,2.84,102, 1.37,13.613,2118,40,,,
981,1531213,2.84,106, 1.52,13.615,1991,40,,,
982,1533207,2.84,106, 2.33,13.631,1994,39,,,
983,1535155,2.84,103, 1.49,13.648,1948,39,,,
984,1537080,2.84,108, 1.18,13.649,1925,39,,,
985,1539082,2.84,108, 1.06,13.666,2002,39,,,
986,1540940,2.84,113, 1.02,13.667,1858,39,,,
987,1542522,2.86,109, 2.35,13.705,1582,39,,,
988,1544370,2.86,105, 1.65,13.707,1848,39,,,
989,1546351,2.86,108, 1.28,13.724,1981,39,,,
990,1548887,2.86,110, 1.84,13.740,2536,39,,,
991,1550062,2.86,103, 2.06,13.741,1175,40,,,
992,1551965,2.86,111, 1.59,13.759,1903,39,,,
993,1553890,2.86,112, 1.21,13.760,1925,39,,,
994,1555781,2.86,116, 1.13,13.776,1891,39,,,
995,1557614,2.86,105, 1.05,13.777,1833,39,,,
996,1559378,2.86,103, 1.08,13.794,1764,39,,,
997,1561322,2.86,110, 1.15,13.811,1944,39,,,
998,1563344,2.86,98, 1.15,13.812,2022,40,,,
999,1565254,2.86,103, 1.13,13.829,1910,40,,,
1000,1567074,2.86,99, 1.10,13.830,1820,40,,,
1001,1569085,2.86,112, 1.11,13.847,2011,40,,,
1002,1570916,2.87,132, 1.26,13.898,1831,40,,,
1003,1572794,2.85,97, 1.42,13.873,1878,40,,,
1004,1574817,2.85,106, 1.20,13.889,2023,40,,,
1005,1576768,2.85,101, 1.22,13.890,1951,40,,,
1006,1578847,2.85,111, 1.25,13.908,2079,40,,,
1007,1581048,2.85,103, 1.09,13.909,2201,40,,,
1008,1583070,2.85,102, 1.03,13.925,2022,40,,,
1009,1584928,2.85,103, 1.56,13.927,1858,40,,,
1010,1586950,2.85,109, 1.20,13.944,2022,39,,,
1011,1589007,2.85,101, 1.19,13.945,2057,40,,,
1012,1591055,2.85,114, 1.21,13.961,2048,39,,,
1013,1593007,2.87,110, 1.31,13.963,1952,39,,,
1014,1594986,2.88,111, 1.15,13.980,1979,39,,,
1015,1596916,2.89,104, 1.13,13.996,1930,39,,,
1016,1598971,2.89,101, 1.10,13.998,2055,38,,,
1017,1600805,2.85,147, 1.12,14.069,1834,38,,,
1018,1602665,2.85,105, 1.38,14.025,1860,39,,,
1019,1604578,2.85,104, 1.21,14.042,1913,38,,,
1020,1606660,2.85,105, 1.12,14.043,2082,38,,,
1021,1608690,2.85,102, 1.09,14.060,2030,39,,,
1022,1610743,2.85,106, 1.10,14.061,2053,39,,,
1023,1612763,2.85,100, 1.17,14.078,2020,39,,,
1024,1614800,2.85,110, 1.21,14.095,2037,39,,,
1025,1616881,2.85,100, 1.13,14.096,2081,39,,,
1026,1619076,2.85,104, 1.05,14.113,2195,39,,,
1027,1621058,2.85,116, 1.08,14.115,1982,39,,,
1028,1622682,2.85,102, 1.03,14.131,1624,39,,,
1029,1624521,2.85,99, 1.09,14.148,1839,39,,,
1030,1626579,2.85,108, 1.08,14.149,2058,40,,,
1031,1628711,2.85,111, 1.20,14.166,2132,40,,,
1032,1630686,2.86,123, 1.31,14.216,1975,40,,,
1033,1632763,2.84,102, 1.69,14.188,2077,40,,,
1034,1634863,2.84,115, 1.35,14.190,2100,40,,,
1035,1636841,2.84,103, 1.27,14.207,1978,40,,,
1036,1638897,2.84,103, 1.16,14.208,2056,40,,,
1037,1641044,2.84,98, 1.09,14.224,2147,40,,,
1038,1643139,2.84,104, 1.10,14.242,2095,40,,,
1039,1645215,2.84,96, 1.30,14.243,2076,40,,,
1040,1647335,2.84,108, 1.15,14.259,2120,40,,,
1041,1649434,2.84,101, 1.01,14.261,2099,39,,,
1042,1651442,2.84,101, 1.15,14.278,2008,39,,,
1043,1653596,2.84,102, 1.09,14.279,2154,39,,,
1044,1655745,2.84,100, 1.03,14.297,2149,39,,,
1045,1657773,2.84,110, 1.05,14.298,2028,39,,,
1046,1659803,2.84,103, 1.15,14.314,2030,40,,,
1047,1661638,2.87,116, 1.44,14.370,1835,41,,,
1048,1663772,2.85,93, 1.35,14.340,2134,42,,,
1049,1665908,2.85,99, 1.12,14.341,2136,42,,,
1050,1667985,2.85,94, 1.19,14.359,2077,42,,,
1051,1670151,2.85,108, 1.12,14.360,2166,42,,,
1052,1672243,2.85,106, 1.04,14.376,2092,42,,,
1053,1674238,2.85,110, 1.13,14.378,1995,42,,,
1054,1676304,2.85,102, 1.16,14.395,2066,42,,,
1055,1678448,2.85,104, 1.19,14.396,2144,42,,,
1056,1680520,2.85,103, 1.07,14.413,2072,42,,,
1057,1682560,2.85,106, 1.06,14.414,2040,43,,,
1058,1684592,2.85,103, 1.10,14.431,2032,42,,,
1059,1686738,2.85,103, 1.07,14.432,2146,42,,,
1060,1688955,2.85,102, 1.97,14.449,2217,42,,,
1061,1691081,2.85,106, 1.47,14.450,2126,42,,,
1062,1692916,2.86,127, 1.36,14.521,1835,42,,,
1063,1694971,2.84,104, 1.36,14.473,2055,42,,,
1064,1697111,2.84,101, 1.20,14.490,2140,42,,,
1065,1699415,2.84,94, 1.16,14.507,2304,41,,,
1066,1701400,2.84,103, 1.21,14.508,1985,41,,,
1067,1703082,2.84,112, 1.13,14.524,1682,41,,,
1068,1704935,2.84,108, 1.08,14.541,1853,41,,,
1069,1706984,2.84,102, 1.04,14.543,2049,41,,,
1070,1708739,2.84,125, 1.07,14.559,1755,41,,,
1071,1710377,2.84,113, 1.45,14.576,1638,41,,,
1072,1711983,2.84,122, 1.74,14.592,1606,41,,,
1073,1713616,2.84,121, 1.38,14.594,1633,41,,,
1074,1715263,2.84,118, 1.78,14.611,1647,41,,,
1075,1716997,2.84,113, 1.45,14.627,1734,41,,,
1076,1718734,2.84,113, 1.22,14.644,1737,41,,,
1077,1720440,2.87,146, 1.33,14.689,1706,41,,,
1078,1722070,2.85,111, 1.71,14.660,1630,41,,,
1079,1723570,2.99,120, 2.36,14.832,1500,41,,,
1080,1725072,2.85,139, 2.42,14.812,1502,41,,,
1081,1726723,2.85,124, 1.63,14.807,1651,42,,,
1082,1728409,2.85,109, 1.76,14.824,1686,42,,,
1083,1730116,2.85,121, 1.28,14.840,1707,42,,,
1084,1731734,2.85,113, 1.21,14.841,1618,42,,,
1085,1733332,2.85,116, 1.11,14.859,1598,42,,,
1086,1734971,2.85,112, 2.44,14.875,1639,43,,,
1087,1736661,2.85,125, 2.15,14.892,1690,43,,,
1088,1738346,2.85,115, 1.48,14.909,1685,43,,,
1089,1740035,2.85,130, 1.27,14.910,1689,43,,,
1090,1741665,2.85,125, 1.16,14.926,1630,43,,,
1091,1743442,2.85,119, 1.29,14.944,1777,43,,,
1092,1745101,2.85,107, 1.14,14.960,1659,43,,,
1093,1746775,2.85,136, 1.13,14.961,1674,43,,,
1094,1748430,2.86,120, 1.15,15.010,1655,43,,,
1095,1750165,2.86,112, 1.13,15.027,1735,43,,,
1096,1751939,2.87,116, 2.10,15.044,1774,43,,,
1097,1753674,2.87,117, 1.48,15.045,1735,43,,,
1098,1755376,2.87,137, 1.19,15.062,1702,43,,,
1099,1757080,2.87,126, 1.30,15.078,1704,42,,,
1100,1758875,2.87,111, 1.24,15.095,1795,41,,,
1101,1760471,2.87,106, 1.38,15.111,1596,41,,,
1102,1762128,2.87,118, 1.18,15.113,1657,42,,,
1103,1763821,2.87,116, 1.11,15.130,1693,41,,,
1104,1765427,2.87,109, 1.05,15.146,1606,41,,,
1105,1767148,2.87,115, 1.07,15.163,1721,41,,,
1106,1768788,2.87,116, 1.17,15.164,1640,42,,,
1107,1770449,2.87,106, 1.13,15.181,1661,42,,,
1108,1772104,2.87,116, 2.13,15.198,1655,42,,,
1109,1773707,2.87,125, 1.56,15.258,1603,42,,,
1110,1775360,2.87,119, 2.15,15.219,1653,42,,,
1111,1777068,2.87,108, 1.51,15.236,1708,43,,,
1112,1778794,2.87,112, 2.33,15.253,1726,43,,,
1113,1780427,2.87,112, 1.52,15.269,1633,43,,,
1114,1782126,2.87,117, 1.23,15.270,1699,44,,,
1115,1783863,2.87,109, 1.12,15.287,1737,44,,,
1116,1785595,2.87,117, 1.04,15.304,1732,44,,,
1117,1787321,2.87,110, 1.13,15.305,1726,45,,,
1118,1789045,2.87,108, 1.09,15.322,1724,45,,,
1119,1790807,2.87,119, 1.03,15.339,1762,46,,,
1120,1792473,2.87,132, 1.59,15.355,1666,46,,,
1121,1794208,2.87,106, 1.33,15.356,1735,46,,,
1122,1795889,2.87,108, 1.37,15.373,1681,46,,,
1123,1797629,2.87,112, 1.21,15.390,1740,46,,,
1124,1799193,2.87,125, 1.24,15.448,1564,46,,,
1125,1800886,2.84,121, 1.42,15.411,1693,46,,,
1126,1802627,2.85,115, 1.33,15.427,1741,46,,,
1127,1804338,2.85,115, 1.26,15.445,1711,46,,,
1128,1806051,2.85,120, 1.17,15.446,1713,46,,,
1129,1807832,2.85,119, 1.13,15.462,1781,46,,,
1130,1809553,2.85,108, 1.11,15.479,1721,46,,,
1131,1811230,2.85,117, 1.91,15.496,1677,46,,,
1132,1812925,2.85,129, 1.38,15.497,1695,46,,,
1133,1814699,2.85,109, 1.27,15.513,1774,46,,,
1134,1816398,2.85,116, 1.14,15.531,1699,46,,,
1135,1818071,2.85,123, 1.17,15.532,1673,45,,,
1136,1819811,2.85,132, 1.11,15.548,1740,45,,,
1137,1821524,2.85,110, 1.33,15.565,1713,45,,,
1138,1823244,2.85,122, 1.27,15.582,1720,45,,,
1139,1824836,2.86,117, 1.38,15.625,1592,45,,,
1140,1826556,2.85,109, 1.44,15.598,1720,46,,,
1141,1828237,2.85,109, 1.35,15.615,1681,46,,,
1142,1829862,2.85,121, 1.18,15.616,1625,46,,,
1143,1831534,2.85,118, 1.10,15.632,1672,47,,,
1144,1833117,2.93,114, 1.43,15.616,1583,47,,,
1145,1834818,2.93,111, 1.49,15.632,1701,47,,,
1146,1836508,2.93,119, 1.56,15.649,1690,46,,,
1147,1838325,2.93,117, 1.20,15.650,1817,46,,,
1148,1840054,2.93,116, 1.07,15.667,1729,46,,,
1149,1841727,2.94,104, 1.07,15.684,1673,46,,,
1150,1843466,2.94,109, 1.07,15.685,1739,46,,,
1151,1845261,2.94,110, 1.08,15.701,1795,46,,,
1152,1846997,2.94,111, 1.29,15.719,1736,46,,,
1153,1848706,2.94,109, 1.07,15.720,1709,46,,,
1154,1850360,2.88,145, 1.15,15.769,1654,46,,,
1155,1852653,2.88,113, 1.42,15.786,2293,47,,,
1156,1853783,2.88,115, 1.31,15.803,1130,46,,,
1157,1855119,2.88,157, 1.85,15.972,1336,45,,,
1158,1856781,2.86,113, 2.07,15.940,1662,45,,,
1159,1858482,2.86,114, 1.74,15.941,1701,44,,,
1160,1860240,2.86,112, 1.85,15.958,1758,44,,,
1161,1861972,2.86,118, 1.51,15.975,1732,45,,,
1162,1864328,2.86,118, 1.22,15.991,2356,44,,,
1163,1865320,2.86,109, 1.69,15.992,992,44,,,
1164,1867083,2.86,121, 2.12,16.010,1763,44,,,
1165,1868997,2.86,109, 1.52,16.011,1914,43,,,
1166,1870917,2.86,114, 1.32,16.027,1920,43,,,
1167,1872437,2.86,116, 1.64,16.044,1520,43,,,
1168,1874046,2.86,141, 1.66,16.061,1609,43,,,
1169,1875760,2.86,108, 1.37,16.062,1714,43,,,
1170,1877483,2.86,118, 1.32,16.078,1723,43,,,
1171,1879322,2.86,110, 1.38,16.095,1839,43,,,
1172,1881038,2.88,114, 1.25,16.128,1716,43,,,
1173,1882819,2.88,124, 1.99,16.144,1781,43,,,
1174,1884548,2.88,113, 1.42,16.161,1729,43,,,
1175,1886200,2.88,120, 1.28,16.178,1652,43,,,
1176,1887991,2.88,120, 1.50,16.179,1791,44,,,
1177,1889753,2.88,116, 1.17,16.195,1762,44,,,
1178,1891521,2.88,124, 1.12,16.196,1768,45,,,
1179,1893274,2.88,105, 1.12,16.213,1753,44,,,
1180,1894831,2.88,114, 1.15,16.230,1557,44,,,
1181,1896425,2.88,114, 1.13,16.247,1594,44,,,
1182,1898165,2.89,123, 1.45,16.263,1740,43,,,
1183,1900510,2.89,107, 1.28,16.280,2345,44,,,
1184,1901691,2.89,106, 1.18,16.281,1181,44,,,
1185,1903486,2.89,118, 1.22,16.298,1795,43,,,
1186,1905301,2.89,103, 1.39,16.299,1815,44,,,
1187,1906843,2.87,111, 1.38,16.316,1542,43,,,
1188,1908623,2.87,101, 1.32,16.317,1780,44,,,
1189,1910479,2.87,117, 1.19,16.333,1856,42,,,
1190,1912716,2.87,115, 1.06,16.350,2237,43,,,
1191,1913992,2.87,118, 1.15,16.352,1276,42,,,
1192,1915806,2.87,104, 1.13,16.368,1814,42,,,
1193,1917639,2.87,116, 1.18,16.385,1833,42,,,
1194,1919425,2.87,109, 1.15,16.386,1786,42,,,
1195,1921104,2.87,77, 1.05,16.403,1679,43,,,
1196,1922985,2.87,119, 1.73,16.420,1881,42,,,
1197,1924782,2.87,93, 1.31,16.421,1797,42,,,
1198,1926578,2.87,107, 1.21,16.437,1796,42,,,
1199,1928403,2.87,108, 1.14,16.455,1825,42,,,
1200,1930262,2.87,125, 1.26,16.456,1859,42,,,
1201,1932019,2.87,119, 1.15,16.472,1757,42,,,
1202,1933660,2.88,106, 1.59,16.472,1641,42,,,
1203,1935433,2.88,111, 1.53,16.489,1773,42,,,
1204,1937234,2.88,110, 1.19,16.506,1801,42,,,
1205,1939062,2.88,116, 1.28,16.507,1828,42,,,
1206,1940886,2.88,114, 1.29,16.523,1824,42,,,
1207,1942754,2.88,107, 1.12,16.540,1868,43,,,
1208,1944324,2.88,128, 1.22,16.541,1570,42,,,
1209,1946121,2.88,113, 1.66,16.558,1797,41,,,
1210,1948010,2.88,108, 1.34,16.574,1889,41,,,
1211,1949870,2.88,115, 1.67,16.576,1860,41,,,
1212,1951631,2.89,120, 1.24,16.593,1761,41,,,
1213,1953471,2.89,121, 1.57,16.610,1840,41,,,
1214,1955422,2.89,115, 2.60,16.610,1951,41,,,
1215,1957182,2.89,81, 1.65,16.627,1760,41,,,
1216,1959825,2.89,92, 1.31,16.629,2643,42,,,
1217,1961421,2.86,108, 1.73,16.646,1596,42,,,
1218,1963144,2.86,114, 1.30,16.662,1723,42,,,
1219,1964879,2.86,119, 1.11,16.664,1735,42,,,
1220,1966636,2.86,114, 1.38,16.681,1757,42,,,
1221,1968316,2.87,111, 1.21,16.697,1680,41,,,
1222,1970077,2.87,107, 1.23,16.698,1761,41,,,
1223,1971818,2.87,115, 1.57,16.715,1741,40,,,
1224,1973589,2.87,120, 1.32,16.732,1771,40,,,
1225,1975360,2.87,115, 1.78,16.733,1771,40,,,
1226,1977127,2.87,114, 1.28,16.750,1767,40,,,
1227,1978881,2.87,113, 1.15,16.766,1754,40,,,
1228,1980638,2.87,109, 1.05,16.768,1757,40,,,
1229,1982602,2.87,124, 1.38,16.784,1964,41,,,
1230,1983976,2.87,114, 1.24,16.801,1374,41,,,
1231,1985733,2.87,108, 1.09,16.802,1757,40,,,
1232,1987354,2.88,124, 1.35,16.811,1621,42,,,
1233,1989076,2.88,116, 1.26,16.827,1722,42,,,
1234,1990846,2.88,105, 1.20,16.828,1770,42,,,
1235,1992564,2.88,107, 1.11,16.845,1718,42,,,
1236,1994361,2.88,105, 1.01,16.862,1797,43,,,
1237,1996187,2.88,111, 1.00,16.863,1826,43,,,
1238,1998014,2.89,115, 1.09,16.880,1827,43,,,
1239,1999868,2.89,109, 1.32,16.896,1854,42,,,
1240,2001582,2.89,115, 1.28,16.898,1714,42,,,
1241,2003314,2.89,112, 1.23,16.915,1732,42,,,
1242,2004880,3.04,202, 1.25,17.244,1566,42,,,
1243,2006561,2.9,145, 1.83,17.088,1681,42,,,
1244,2008271,2.9,114, 1.56,17.088,1710,42,,,
1245,2009960,2.9,112, 1.20,17.105,1689,42,,,
1246,2011678,2.9,119, 1.23,17.106,1718,42,,,
1247,2013430,2.9,121, 1.08,17.122,1752,42,,,
1248,2015137,2.9,107, 1.23,17.140,1707,42,,,
1249,2016867,2.9,116, 1.41,17.140,1730,42,,,
1250,2018624,2.9,108, 1.15,17.157,1757,42,,,
1251,2020458,2.9,121, 1.98,17.173,1834,42,,,
1252,2022304,2.9,115, 1.55,17.175,1846,42,,,
1253,2024016,2.9,113, 1.20,17.192,1712,43,,,
1254,2025707,2.9,120, 1.02,17.208,1691,43,,,
1255,2027550,2.9,116, 1.00,17.209,1843,43,,,
1256,2029361,2.9,109, 1.28,17.227,1811,43,,,
1257,2031035,2.92,143, 1.21,17.271,1674,43,,,
1258,2032758,2.9,117, 1.38,17.273,1723,43,,,
1259,2034524,2.9,105, 1.29,17.289,1766,43,,,
1260,2036338,2.9,109, 2.76,17.307,1814,44,,,
1261,2038165,2.9,111, 1.64,17.308,1827,45,,,
1262,2039942,2.9,105, 1.51,17.324,1777,45,,,
1263,2041730,2.9,109, 1.36,17.341,1788,45,,,
1264,2043514,2.9,113, 1.46,17.343,1784,46,,,
1265,2045264,2.9,115, 1.20,17.359,1750,46,,,
1266,2047020,2.9,108, 1.07,17.376,1756,46,,,
1267,2048818,2.9,104, 1.01,17.377,1798,45,,,
1268,2050532,2.9,127, 1.08,17.393,1714,46,,,
1269,2052774,2.9,112, 1.07,17.411,2242,46,,,
1270,2054062,2.9,107, 1.05,17.411,1288,47,,,
1271,2055845,2.9,116, 1.82,17.428,1783,47,,,
1272,2057534,2.91,131, 1.56,17.492,1689,47,,,
1273,2059307,2.9,129, 1.42,17.486,1773,47,,,
1274,2061102,2.9,123, 1.15,17.503,1795,47,,,
1275,2062925,2.9,117, 1.10,17.519,1823,46,,,
1276,2064662,2.9,118, 1.04,17.521,1737,46,,,
1277,2066482,2.9,117, 1.01,17.538,1820,46,,,
1278,2068255,2.9,116, 1.29,17.554,1773,46,,,
1279,2069969,2.9,111, 1.10,17.555,1714,46,,,
1280,2071726,2.9,116, 1.13,17.572,1757,45,,,
1281,2073470,2.9,113, 1.50,17.589,1744,45,,,
1282,2075383,2.9,124, 1.32,17.590,1913,46,,,
1283,2077152,2.9,108, 1.11,17.607,1769,47,,,
1284,2078984,2.9,119, 1.04,17.624,1832,47,,,
1285,2080767,2.9,104, 1.17,17.625,1783,47,,,
1286,2082587,2.9,117, 1.06,17.642,1820,47,,,
1287,2084262,2.91,123, 1.67,17.707,1675,47,,,
1288,2085974,2.89,116, 1.82,17.700,1712,46,,,
1289,2087824,2.89,117, 1.37,17.717,1850,47,,,
1290,2089657,2.89,108, 1.21,17.733,1833,47,,,
1291,2091463,2.89,113, 1.18,17.734,1806,46,,,
1292,2093227,2.89,111, 1.43,17.752,1764,46,,,
1293,2095022,2.89,116, 1.30,17.768,1795,46,,,
1294,2096831,2.89,106, 1.17,17.769,1809,46,,,
1295,2098690,2.89,108, 1.18,17.785,1859,45,,,
1296,2100455,2.89,112, 1.11,17.803,1765,44,,,
1297,2102262,2.89,111, 1.53,17.804,1807,44,,,
1298,2104090,2.89,115, 1.19,17.820,1828,44,,,
1299,2106258,2.89,101, 1.58,17.837,2168,45,,,
1300,2108707,2.89,100, 1.15,17.839,2449,45,,,
1301,2111077,2.89,71, 1.09,17.856,2370,45,,,
1302,2113131,2.92,119, 1.07,17.902,2054,45,,,
1303,2115074,2.9,112, 2.19,17.891,1943,45,,,
1304,2116756,2.9,124, 2.09,17.891,1682,46,,,
1305,2118509,2.9,113, 1.48,17.908,1753,46,,,
1306,2120275,2.9,113, 1.17,17.924,1766,46,,,
1307,2122083,2.9,110, 1.91,17.942,1808,46,,,
1308,2123926,2.9,104, 1.48,17.943,1843,45,,,
1309,2125703,2.9,114, 1.25,17.960,1777,45,,,
1310,2127567,2.9,116, 1.09,17.976,1864,45,,,
1311,2129418,2.9,107, 1.09,17.977,1851,45,,,
1312,2131233,2.9,113, 1.03,17.994,1815,45,,,
1313,2133069,2.9,115, 1.15,18.011,1836,44,,,
1314,2134956,2.9,107, 0.98,18.012,1887,44,,,
1315,2136772,2.9,111, 1.02,18.029,1816,44,,,
1316,2138551,2.9,115, 1.71,18.045,1779,44,,,
1317,2140251,2.91,134, 1.54,18.090,1700,44,,,
1318,2142011,2.89,112, 1.68,18.060,1760,43,,,
1319,2143821,2.89,116, 1.55,18.076,1810,43,,,
1320,2145661,2.89,121, 1.20,18.077,1840,43,,,
1321,2147498,2.89,112, 1.14,18.095,1837,43,,,
1322,2149287,2.89,106, 1.15,18.111,1789,42,,,
1323,2151074,2.89,116, 1.05,18.112,1787,42,,,
1324,2152875,2.89,125, 1.06,18.130,1801,42,,,
1325,2154656,2.89,109, 1.89,18.146,1781,42,,,
1326,2156428,2.89,109, 1.42,18.147,1772,42,,,
1327,2158197,2.89,117, 1.15,18.163,1769,42,,,
1328,2160003,2.89,112, 1.13,18.180,1806,42,,,
1329,2161783,2.89,114, 1.08,18.182,1780,42,,,
1330,2163187,2.96,97, 1.37,18.234,1404,42,,,
1331,2164646,2.94,131, 2.02,18.352,1459,42,,,
1332,2166473,2.94,109, 1.72,18.367,1827,42,,,
1333,2168248,2.94,104, 1.73,18.368,1775,42,,,
1334,2170051,2.94,114, 1.27,18.385,1803,42,,,
1335,2171833,2.94,119, 1.20,18.401,1782,43,,,
1336,2173744,2.94,120, 1.22,18.419,1911,44,,,
1337,2175589,2.94,108, 1.07,18.420,1845,44,,,
1338,2177378,2.94,113, 1.01,18.436,1789,44,,,
1339,2179131,2.94,113, 1.00,18.453,1753,44,,,
1340,2180884,2.94,112, 1.03,18.455,1753,44,,,
1341,2182686,2.94,105, 1.25,18.471,1802,44,,,
1342,2184497,2.94,119, 1.07,18.488,1811,44,,,
1343,2186349,2.94,114, 1.08,18.489,1852,44,,,
1344,2188103,2.94,105, 1.12,18.506,1754,44,,,
1345,2189853,2.99,121, 1.26,18.534,1750,44,,,
1346,2191633,2.94,118, 2.00,18.527,1780,44,,,
1347,2193478,2.94,120, 1.42,18.543,1845,44,,,
1348,2195232,2.94,117, 1.31,18.561,1754,44,,,
1349,2197014,2.94,109, 1.24,18.562,1782,44,,,
1350,2198777,2.94,119, 1.09,18.578,1763,44,,,
1351,2200655,2.94,125, 1.11,18.595,1878,44,,,
1352,2202419,2.94,118, 1.12,18.596,1764,44,,,
1353,2204275,2.94,123, 1.12,18.613,1856,43,,,
1354,2205944,2.94,108, 1.52,18.629,1669,43,,,
1355,2207738,2.94,119, 1.24,18.630,1794,43,,,
1356,2209524,2.94,124, 1.09,18.648,1786,43,,,
1357,2211406,2.94,114, 1.45,18.664,1882,43,,,
1358,2213258,2.94,107, 1.34,18.665,1852,44,,,
1359,2215125,2.94,120, 1.12,18.682,1867,44,,,
1360,2216876,2.97,141, 1.77,18.751,1751,44,,,
1361,2218736,2.94,112, 1.42,18.697,1860,43,,,
1362,2220515,2.94,114, 1.15,18.713,1779,43,,,
1363,2222321,2.94,109, 1.09,18.730,1806,43,,,
1364,2224214,2.94,119, 1.14,18.732,1893,43,,,
1365,2226059,2.94,113, 1.05,18.748,1845,43,,,
1366,2227906,2.94,120, 1.10,18.765,1847,43,,,
1367,2229702,2.94,106, 1.17,18.782,1796,43,,,
1368,2231477,2.94,124, 1.10,18.783,1775,44,,,
1369,2233208,2.94,116, 1.10,18.800,1731,44,,,
1370,2234909,2.94,118, 1.04,18.816,1701,44,,,
1371,2236710,2.94,121, 1.01,18.817,1801,44,,,
1372,2238512,2.94,110, 1.14,18.834,1802,44,,,
1373,2240423,2.94,101, 1.84,18.851,1911,44,,,
1374,2242851,2.94,99, 1.38,18.852,2428,44,,,
1375,2245195,2.97,130, 1.29,18.906,2344,44,,,
1376,2247408,2.94,105, 1.48,18.870,2213,44,,,
1377,2249830,2.94,96, 1.22,18.871,2422,44,,,
1378,2252279,2.94,103, 1.08,18.889,2449,44,,,
1379,2254629,2.94,105, 1.43,18.890,2350,44,,,
1380,2257108,2.94,96, 1.24,18.907,2479,45,,,
1381,2259544,2.94,101, 1.13,18.909,2436,45,,,
1382,2262039,2.94,99, 1.11,18.910,2495,46,,,
1383,2264577,2.94,99, 1.16,18.927,2538,46,,,
1384,2267047,2.94,102, 1.10,18.928,2470,46,,,
1385,2269477,2.94,100, 1.04,18.945,2430,46,,,
1386,2271918,2.94,101, 1.01,18.947,2441,46,,,
1387,2274387,2.94,98, 1.00,18.964,2469,46,,,
1388,2276787,2.94,103, 0.92,18.965,2400,46,,,
1389,2279100,2.94,104, 1.27,18.982,2313,46,,,
1390,2281510,2.97,131, 1.32,19.039,2410,46,,,
1391,2283763,2.94,102, 1.35,18.993,2253,46,,,
1392,2286276,2.94,103, 1.20,19.011,2513,46,,,
1393,2288688,2.94,100, 1.13,19.012,2412,46,,,
1394,2291196,2.94,99, 1.35,19.028,2508,46,,,
1395,2293609,2.94,98, 1.17,19.030,2413,46,,,
1396,2295832,2.94,104, 1.06,19.047,2223,46,,,
1397,2298198,2.94,100, 1.12,19.048,2366,46,,,
1398,2300665,2.94,98, 1.07,19.066,2467,46,,,
1399,2303063,2.94,100, 1.10,19.067,2398,46,,,
1400,2305535,2.94,94, 1.03,19.068,2472,47,,,
1401,2308030,2.94,101, 1.09,19.085,2495,47,,,
1402,2310419,2.94,103, 1.60,19.086,2389,47,,,
1403,2312926,2.94,104, 1.53,19.103,2507,47,,,
1404,2315410,2.94,98, 1.26,19.105,2484,47,,,
1405,2317721,2.97,125, 1.15,19.173,2311,47,,,
1406,2319860,2.94,102, 1.46,19.121,2139,47,,,
1407,2322459,2.94,97, 1.17,19.137,2599,47,,,
1408,2324986,2.94,99, 1.14,19.138,2527,47,,,
1409,2327485,2.94,103, 1.09,19.140,2499,47,,,
1410,2330038,2.94,102, 1.73,19.157,2553,47,,,
1411,2332545,2.94,102, 1.30,19.158,2507,47,,,
1412,2335153,2.94,98, 1.19,19.175,2608,47,,,
1413,2337734,2.94,97, 1.07,19.177,2581,47,,,
1414,2340298,2.94,100, 1.22,19.194,2564,47,,,
1415,2342571,2.94,98, 1.08,19.195,2273,47,,,
1416,2344973,2.94,101, 1.07,19.197,2402,47,,,
1417,2347408,2.94,97, 1.16,19.214,2435,45,,,
1418,2349752,2.94,100, 1.09,19.216,2344,44,,,
1419,2352196,2.94,96, 1.09,19.232,2444,43,,,
1420,2354678,2.97,128, 1.08,19.286,2482,43,,,
1421,2356944,2.94,101, 1.34,19.251,2266,43,,,
1422,2359362,2.94,99, 1.18,19.253,2418,43,,,
1423,2361813,2.94,100, 1.82,19.255,2451,43,,,
1424,2364242,2.94,102, 1.30,19.271,2429,44,,,
1425,2366820,2.94,102, 1.11,19.273,2578,45,,,
1426,2369237,2.94,100, 1.10,19.290,2417,45,,,
1427,2371732,2.94,104, 1.03,19.291,2495,45,,,
1428,2374125,2.94,89, 1.10,19.309,2393,45,,,
1429,2376622,2.94,101, 1.03,19.310,2497,45,,,
1430,2379077,2.94,85, 1.11,19.311,2455,45,,,
1431,2381566,2.94,94, 1.13,19.329,2489,45,,,
1432,2384045,2.94,95, 1.15,19.330,2479,46,,,
1433,2386535,2.95,98, 1.05,19.347,2490,46,,,
1434,2388972,2.95,100, 1.07,19.349,2437,46,,,
1435,2391438,2.97,130, 1.14,19.415,2466,46,,,
1436,2393626,2.94,102, 1.85,19.360,2188,46,,,
1437,2396026,2.94,108, 1.31,19.377,2400,47,,,
1438,2398372,2.94,104, 1.11,19.379,2346,47,,,
1439,2400854,2.94,94, 1.16,19.380,2482,47,,,
1440,2403212,2.94,95, 1.06,19.396,2358,47,,,
1441,2405770,2.94,100, 1.08,19.398,2558,47,,,
1442,2408319,2.94,99, 1.19,19.415,2549,47,,,
1443,2410714,2.94,97, 1.26,19.416,2395,47,,,
1444,2413147,2.94,99, 1.33,19.434,2433,46,,,
1445,2415663,2.94,98, 1.28,19.435,2516,46,,,
1446,2418076,2.94,96, 1.13,19.436,2413,46,,,
1447,2420550,2.94,100, 1.05,19.454,2474,46,,,
1448,2422357,2.94,111, 1.02,19.486,1807,46,,,
1449,2422521,2.95,698, 1.65,19.565,164,46,,,
1450,2422681,2.95,101, 2.66,19.596,160,46,,,
1451,2422855,2.96,101, 3.42,19.632,174,46,,,
1452,2422958,2.97,101, 3.09,19.694,103,46,,,
1453,2423062,2.97,102, 4.43,19.741,104,46,,,
1454,2423201,2.96,701, 3.96,19.803,139,46,,,
1455,2423308,2.96,109, 2.09,19.850,107,46,,,
1456,2423467,2.96,102, 3.56,19.910,159,46,,,
1457,2423619,2.97,102, 4.86,19.972,152,46,,,
1458,2423734,2.97,103, 3.91,20.017,115,46,,,
1459,2423829,2.97,352, 2.07,20.080,95,46,,,
1460,2424013,2.97,187, 2.65,20.125,184,47,,,
1461,2424215,2.97,104, 4.04,20.187,202,47,,,
1462,2424260,2.91,110, 2.27,20.544,45,47,,,
1463,2424528,2.92,101, 2.84,20.592,268,47,,,
1466,2424566,2.96,228, 1.82,20.643,38,47,,,
1467,2424696,2.96,212, 2.00,20.690,130,47,,,
1468,2424855,2.96,191, 1.42,20.690,159,47,,,
1470,2425217,2.96,298, 1.30,20.706,362,45,,,
1471,2425692,2.96,218, 1.81,20.815,475,45,,,
1472,2425760,2.98,356, 1.30,20.862,68,46,,,
1473,2425869,2.99,185, 2.19,20.924,109,46,,,
1474,2425980,2.99,238, 1.44,20.956,111,46,,,
1475,2426086,2.99,343, 2.89,20.971,106,47,,,
1476,2426127,3.0,149, 6.61,20.971,41,46,,,
1477,2426209,2.99,194, 5.61,21.031,82,46,,,
1478,2426297,2.99,116, 4.73,21.094,88,46,,,
1479,2426397,3.0,198, 2.97,21.140,100,45,,,
1480,2426464,3.04,192, 5.55,21.350,67,45,,,
1481,2426565,3.04,214, 2.67,21.411,101,45,,,
1482,2426647,3.04,349, 3.23,21.464,82,45,,,
1483,2426815,3.03,169, 2.25,21.489,168,45,,,
1484,2427467,2.98,126, 2.71,21.539,652,45,,,
1485,2429351,2.97,100, 1.63,21.537,1884,45,,,
1486,2431281,2.97,134, 1.90,21.553,1930,45,,,
1487,2432437,2.97,97, 1.30,21.585,1156,45,,,
1488,2433568,2.97,132, 1.14,21.602,1131,45,,,
1489,2434614,2.97,124, 1.12,21.619,1046,45,,,
1490,2434721,3.0,56, 1.02,21.899,107,44,,,
1491,2434798,3.0,103, 2.24,22.037,77,32,,,
1492,2434888,3.0,102, 2.76,22.053,90,32,,,
1493,2435225,3.0,542, 2.91,22.069,337,32,,,
1494,2435760,3.0,199, 1.70,22.085,535,32,,,
1499,2435859,3.01,198, 1.74,22.127,99,33,,,
1500,2435911,3.01,46, 1.12,22.297,52,33,,,
1501,2436504,3.01,102, 1.34,22.330,593,30,,,
1502,2436964,3.02,181, 1.20,22.330,460,31,,,
1504,2437047,3.02,157, 4.83,22.362,83,33,,,
1505,2437159,3.02,183, 2.41,22.393,112,34,,,
1506,2437368,3.02,179, 3.28,22.440,209,33,,,
1507,2437536,3.02,482, 4.79,22.502,168,33,,,
1508,2437712,3.02,39, 2.32,22.626,176,36,,,
1509,2438506,3.02,101, 1.45,22.658,794,36,,,
1510,2438748,3.02,102, 1.20,22.674,242,36,,,
1511,2438828,3.02,344, 1.07,22.689,80,40,,,
1512,2438996,3.02,83, 1.10,22.810,168,42,,,
1513,2439099,3.02,420, 1.07,22.983,103,39,,,
1514,2439904,3.0,103, 2.22,22.989,805,41,,,
1517,2440122,3.01,323, 1.29,23.005,218,42,,,
1518,2440291,3.01,96, 3.27,23.051,169,42,,,
1519,2440726,3.01,181, 1.91,23.208,435,42,,,
1520,2441143,3.01,346, 1.33,23.255,417,41,,,
1522,2441557,3.01,721, 2.10,23.285,414,41,,,
1523,2441557,3.01,42, 1.40,23.332,0,42,,,
1524,2441724,3.01,102, 0.89,23.348,167,35,,,
1525,2442005,3.01,102, 1.75,23.364,281,33,,,
1526,2442822,3.01,99, 4.85,23.364,817,33,,,
1527,2444086,3.01,97, 2.32,23.380,1264,34,,,
1528,2445402,3.01,97, 1.46,23.396,1316,33,,,
1529,2446207,3.01,159, 1.81,23.420,805,35,,,
1530,2447678,3.02,104, 1.29,23.437,1471,35,,,
1531,2448735,3.02,127, 2.30,23.453,1057,35,,,
1532,2450204,3.02,101, 1.49,23.469,1469,40,,,
1533,2451472,3.02,105, 2.30,23.485,1268,40,,,
1534,2453284,3.02,102, 1.52,23.502,1812,40,,,
1535,2455910,3.02,98, 1.35,23.504,2626,40,,,
1536,2457688,3.02,97, 2.75,23.520,1778,40,,,
1537,2459378,3.02,168, 1.76,23.537,1690,40,,,
1538,2461410,3.02,138, 1.30,23.554,2032,39,,,
1539,2463484,3.02,190, 2.11,23.555,2074,39,,,
1540,2465527,3.02,242, 2.58,23.556,2043,39,,,
1541,2467451,3.02,166, 1.82,23.572,1924,40,,,
1542,2469338,3.02,139, 1.82,23.574,1887,40,,,
1543,2471397,3.02,98, 1.40,23.575,2059,40,,,
1544,2472531,3.01,609, 4.84,23.615,1134,42,,,
1545,2473641,3.01,122, 8.97,23.616,1110,42,,,
1546,2474570,3.01,174, 3.93,23.632,929,42,,,
1547,2476709,3.01,100, 2.69,23.634,2139,42,,,
1548,2478290,3.01,109, 3.21,23.635,1581,42,,,
1549,2480280,3.01,343, 2.56,23.651,1990,42,,,
1550,2482250,3.01,106, 2.05,23.652,1970,42,,,
1551,2483683,3.01,200, 3.43,23.654,1433,42,,,
1552,2485183,3.02,406, 4.07,23.670,1500,42,,,
1553,2487123,3.02,191, 2.71,23.671,1940,42,,,
1554,2488960,3.02,257, 2.14,23.687,1837,42,,,
1555,2490920,3.02,233, 2.84,23.689,1960,42,,,
1556,2492879,3.02,110, 4.71,23.690,1959,42,,,
1557,2494781,3.02,113, 2.73,23.706,1902,42,,,
1558,2495790,3.02,107, 4.30,23.707,1009,41,,,
1559,2497395,3.0,514, 6.05,23.705,1605,40,,,
1560,2498680,3.0,424, 3.13,23.722,1285,41,,,
1561,2500547,3.0,128, 1.98,23.723,1867,40,,,
1562,2502388,3.0,140, 2.65,23.724,1841,41,,,
1563,2504303,3.01,127, 3.26,23.740,1915,41,,,
1564,2506210,3.01,124, 2.65,23.742,1907,41,,,
1565,2508402,3.01,98, 4.69,23.743,2192,42,,,
1566,2509904,3.01,695, 2.72,23.759,1502,42,,,
1567,2511596,3.01,152, 4.33,23.760,1692,42,,,
1568,2513537,3.01,174, 3.67,23.762,1941,43,,,
1569,2515382,3.01,189, 3.95,23.778,1845,42,,,
1570,2517359,3.01,173, 2.44,23.779,1977,43,,,
1571,2518269,3.01,2057, 8.00,23.795,910,43,,,
1572,2518388,3.03,2307,11.76,23.811,119,43,,,
1573,2518460,3.05,2297,12.15,23.842,72,43,,,
1574,2518527,3.06,1919,11.09,23.849,67,44,,,
1575,2518586,3.06,1647,12.69,23.881,59,45,,,
1576,2518646,3.07,371,12.85,23.896,60,45,,,
1577,2518717,3.07,1047,11.00,23.912,71,45,,,
1578,2518783,3.07,1354,15.72,23.943,66,45,,,
1579,2518832,3.07,340,13.36,23.959,49,45,,,
1580,2518904,3.08,2297,13.99,23.987,72,44,,,
1581,2518982,3.08,102,11.04,24.002,78,44,,,
1582,2519079,3.08,720,13.81,24.018,97,44,,,
1583,2519122,3.08,102,12.06,24.049,43,44,,,
1584,2519189,3.08,2297,11.41,24.065,67,44,,,
1585,2519259,3.08,377,11.91,24.096,70,44,,,
1586,2519333,3.09,1934,12.99,24.112,74,44,,,
1587,2519387,3.09,2215,14.73,24.128,54,46,,,
1588,2519478,3.09,2297,11.95,24.143,91,45,,,
1589,2519536,3.1,2258,14.02,24.176,58,45,,,
1590,2519616,3.11,2307, 9.84,24.192,80,45,,,
1591,2519703,3.11,1356,14.44,24.223,87,45,,,
1592,2519777,3.12,103,14.08,24.239,74,45,,,
1593,2519837,3.12,516,10.71,24.270,60,45,,,
1594,2519922,3.12,2214,13.91,24.286,85,45,,,
1595,2519994,3.13,0,10.88,24.317,72,44,,,
1596,2519994,3.13,2308, 4.07,24.317,0,44,,,
1597,2520028,3.13,2291,12.31,24.333,34,44,,,
1598,2520119,3.13,102,14.53,24.363,91,44,,,
1599,2520188,3.13,2297,12.57,24.363,69,44,,,
1600,2520275,3.14,389,10.89,24.394,87,44,,,
1601,2520317,3.14,2107,13.71,24.426,42,44,,,
1602,2520376,3.14,748, 7.54,24.441,59,44,,,
1603,2520471,3.16,98,10.17,24.457,95,44,,,
1604,2520549,3.16,1438,11.50,24.490,78,42,,,
1605,2520607,3.17,1818,11.75,24.506,58,42,,,
1606,2520678,3.17,501,11.26,24.537,71,42,,,
1607,2520769,3.17,101,11.93,24.553,91,43,,,
1608,2520824,3.17,102,12.81,24.568,55,43,,,
1609,2520909,3.18,1373,11.28,24.598,85,42,,,
1610,2520987,3.18,890,12.59,24.615,78,42,,,
1611,2521035,3.19,472,13.71,24.630,48,41,,,
1612,2521096,3.19,2274,12.19,24.662,61,42,,,
1613,2521149,3.26,2333,12.27,24.955,53,40,,,
1614,2521176,3.2,2227,16.87,24.906,27,37,,,
1615,2521264,3.2,180,17.72,24.942,88,37,,,
1616,2521326,3.2,258,10.77,24.942,62,37,,,
1617,2521442,3.2,101, 9.52,24.942,116,37,,,
1618,2521491,3.2,224,12.72,24.973,49,37,,,
1619,2521545,3.2,260,12.87,24.989,54,37,,,
1620,2521666,3.2,212,11.81,25.004,121,38,,,
1621,2521730,3.2,2210,12.34,25.035,64,38,,,
1622,2521793,3.2,2296,12.04,25.051,63,40,,,
1623,2521889,3.2,100,14.83,25.082,96,40,,,
1624,2521944,3.2,210,13.10,25.098,55,41,,,
1625,2522049,3.2,2144,12.12,25.114,105,41,,,
1626,2522049,3.2,2138,15.50,25.158,0,41,,,
1627,2522049,3.2,2301,17.04,25.205,0,41,,,
1628,2522049,3.2,1882,20.64,25.236,0,41,,,
1629,2522049,3.2,2297,21.76,25.281,0,41,,,
1630,2522049,3.2,1809,19.74,25.312,0,41,,,
1631,2522049,3.2,1797,20.66,25.359,0,41,,,
1632,2522052,3.2,1680,20.87,25.392,3,40,,,
1633,2522082,3.2,0,10.46,25.406,30,39,,,
1634,2522087,3.2,406, 8.70,25.421,5,39,,,
1635,2523098,3.2,189, 5.42,25.423,1011,39,,,
1641,2523102,3.21,2100, 9.68,25.454,4,39,,,
1642,2523175,3.21,100,10.77,25.486,73,39,,,
1643,2523304,3.21,2306, 7.75,25.486,129,41,,,
1644,2523346,3.21,210,10.57,25.517,42,42,,,
1645,2523409,3.21,2132,13.42,25.547,63,42,,,
1646,2523512,3.21,428, 9.23,25.548,103,42,,,
1647,2523572,3.21,1796,12.22,25.579,60,42,,,
1648,2523577,3.21,2252,14.25,25.610,5,42,,,
1649,2523577,3.21,2238,18.54,25.641,0,42,,,
1650,2523577,3.21,2293,20.45,25.687,0,42,,,
1651,2523577,3.21,1678,21.90,25.718,0,43,,,
1652,2523577,3.21,2296,21.20,25.765,0,43,,,
1653,2523577,3.21,1841,22.25,25.796,0,43,,,
1654,2523577,3.21,1808,22.18,25.843,0,43,,,
1655,2523577,3.21,2276,25.98,25.874,0,41,,,
1656,2524261,3.21,101,11.99,25.891,684,41,,,
1660,2524261,3.22,2015, 7.76,25.903,0,39,,,
1661,2524261,3.22,1715,17.48,25.934,0,39,,,
1662,2524264,3.22,1430,19.69,25.982,3,39,,,
1663,2524935,3.22,309,12.24,25.998,671,39,,,
1667,2524957,3.23,1806, 8.52,26.014,22,40,,,
1668,2525031,3.23,2230, 9.10,26.030,74,39,,,
1669,2525147,3.23,1661,11.35,26.045,116,38,,,
1670,2525173,3.23,0, 9.51,26.061,26,38,,,
1671,2525192,3.23,2308, 6.69,26.061,19,38,,,
1672,2525192,3.23,1431,15.67,26.108,0,38,,,
1673,2525192,3.23,1668,20.14,26.139,0,38,,,
1674,2525192,3.23,1775,19.77,26.185,0,38,,,
1675,2525192,3.23,1933,21.00,26.232,0,38,,,
1676,2525192,3.23,2306,18.95,26.263,0,38,,,
1677,2525192,3.23,2186,23.24,26.308,0,38,,,
1678,2525207,3.24,2308,21.02,26.351,15,36,,,
1679,2525411,3.23,165,10.60,26.335,204,36,,,
1680,2525411,3.23,2299,13.53,26.367,0,39,,,
1681,2525411,3.23,1850,17.26,26.393,0,39,,,
1682,2526426,3.24,115,10.48,26.411,1015,39,,,
1688,2526580,3.25,204, 9.55,26.427,154,38,,,
1689,2526580,3.26,1344,14.53,26.459,0,38,,,
1690,2526580,3.26,1423,17.64,26.505,0,38,,,
1691,2527604,3.26,172,10.58,26.520,1024,38,,,
1693,2527785,3.26,584, 7.99,26.522,181,38,,,
1694,2527810,3.26,1836,15.13,26.569,25,40,,,
1695,2527810,3.26,1532,21.52,26.600,0,40,,,
1696,2528255,3.27,122,17.12,26.631,445,40,,,
1697,2528255,3.27,1360, 9.67,26.631,0,39,,,
1698,2529040,3.27,102, 9.09,26.663,785,40,,,
1700,2529040,3.28,2296, 6.97,26.838,0,40,,,
1701,2529040,3.28,2296,17.26,26.869,0,40,,,
1702,2530064,3.28,111,15.25,26.900,1024,41,,,
1705,2530088,3.27,1906,10.84,26.932,24,42,,,
1706,2530334,3.27,1166, 8.53,26.948,246,41,,,
1707,2530482,3.27,2170,12.39,26.963,148,41,,,
1708,2530482,3.27,2019,15.62,27.010,0,41,,,
1709,2530495,3.27,714,14.81,27.042,13,41,,,
1710,2531506,3.27,199, 6.90,27.042,1011,41,,,
1712,2531534,3.27,2306, 9.32,27.073,28,41,,,
1713,2531735,3.27,2297,11.05,27.089,201,41,,,
1714,2531962,3.27,2151,12.89,27.105,227,41,,,
1715,2532148,3.27,2252,11.88,27.123,186,41,,,
1716,2532322,3.27,1017, 9.92,27.139,174,42,,,
1717,2532664,3.27,2207, 7.94,27.155,342,42,,,
1718,2532852,3.27,2297,10.32,27.185,188,42,,,
1719,2533034,3.27,639,11.83,27.201,182,42,,,
1720,2533207,3.27,949,11.42,27.216,173,42,,,
1721,2533390,3.27,2248, 9.65,27.232,183,41,,,
1722,2533571,3.27,1100, 9.47,27.264,181,41,,,
1723,2533719,3.27,2306,11.04,27.279,148,41,,,
1724,2533924,3.27,247,12.66,27.295,205,41,,,
1725,2534146,3.27,334,14.04,27.325,222,41,,,
1726,2534330,3.27,1582,11.37,27.340,184,42,,,
1727,2534495,3.27,1220,12.45,27.356,165,43,,,
1728,2534656,3.27,102,14.69,27.372,161,43,,,
1729,2534861,3.27,101,13.32,27.403,205,42,,,
1730,2535358,3.27,1205, 8.94,27.415,497,42,,,
1731,2535873,3.27,563, 9.35,27.431,515,42,,,
1732,2536468,3.27,700, 8.83,27.447,595,43,,,
1733,2536921,3.27,1187, 6.06,27.463,453,43,,,
1734,2537409,3.27,642, 5.40,27.479,488,43,,,
1735,2537927,3.27,208, 9.53,27.494,518,43,,,
1736,2538469,3.27,543, 9.65,27.510,542,43,,,
1737,2539085,3.27,1103,10.02,27.526,616,44,,,
1738,2539567,3.27,1054, 6.47,27.542,482,44,,,
1739,2539980,3.27,1080,11.24,27.558,413,44,,,
1740,2540404,3.27,735,12.78,27.574,424,44,,,
1741,2540828,3.27,1367,12.11,27.590,424,44,,,
1742,2541384,3.27,725, 6.23,27.606,556,44,,,
1743,2541812,3.27,834,10.47,27.622,428,44,,,
1744,2542243,3.27,1147, 8.19,27.638,431,44,,,
1745,2543665,3.28,426, 3.60,27.648,1422,43,,,
1746,2544142,3.28,692, 6.32,27.664,477,43,,,
1747,2544599,3.28,838, 8.53,27.679,457,43,,,
1748,2545084,3.28,961, 5.32,27.696,485,43,,,
1749,2545549,3.28,530, 5.60,27.712,465,43,,,
1750,2546051,3.28,746, 5.54,27.728,502,43,,,
1751,2546575,3.28,698, 5.00,27.744,524,43,,,
1752,2547049,3.28,748, 6.81,27.759,474,43,,,
1753,2547504,3.28,682, 5.13,27.775,455,43,,,
1754,2547948,3.28,384, 8.55,27.791,444,43,,,
1755,2548203,3.28,0, 4.01,27.807,255,42,,,
1756,2548455,3.28,488, 3.73,27.807,252,41,,,
1757,2548922,3.28,717, 7.82,27.823,467,41,,,
1758,2549420,3.28,1560, 7.38,27.839,498,41,,,
1759,2549931,3.28,787, 4.86,27.871,511,41,,,
1760,2550397,3.27,1190, 8.26,27.881,466,41,,,
1761,2550858,3.27,660, 7.58,27.881,461,41,,,
1762,2551346,3.27,1004, 7.27,27.897,488,41,,,
1763,2551832,3.28,757, 6.16,27.928,486,41,,,
1764,2552306,3.28,412, 8.36,27.944,474,41,,,
1765,2552752,3.28,339,10.08,27.960,446,41,,,
1766,2553233,3.28,193,11.84,27.976,481,40,,,
1767,2553739,3.28,1005,10.04,27.992,506,40,,,
1768,2554259,3.28,1168,11.95,28.008,520,40,,,
1769,2554761,3.28,338,10.84,28.024,502,40,,,
1770,2555290,3.28,1502, 8.82,28.040,529,40,,,
1771,2555773,3.28,921, 8.72,28.055,483,40,,,
1772,2556293,3.28,804,10.77,28.072,520,40,,,
1773,2556825,3.28,848, 6.20,28.088,532,41,,,
1774,2557333,3.28,1038,10.05,28.104,508,42,,,
1775,2557833,3.29,186, 9.17,28.129,500,42,,,
1776,2558360,3.29,1021, 7.57,28.145,527,42,,,
1777,2558812,3.29,568,13.55,28.145,452,42,,,
1778,2559335,3.29,695, 9.56,28.161,523,42,,,
1779,2559849,3.29,919, 9.19,28.177,514,42,,,
1780,2560405,3.29,293, 6.88,28.192,556,42,,,
1781,2560951,3.29,725, 6.92,28.209,546,42,,,
1782,2561478,3.29,931, 5.73,28.225,527,42,,,
1783,2561988,3.29,507, 9.75,28.241,510,42,,,
1784,2562543,3.3,1401, 8.74,28.256,555,42,,,
1785,2563136,3.3,715, 6.76,28.272,593,42,,,
1786,2563729,3.3,777, 6.56,28.288,593,42,,,
1787,2564323,3.3,610, 8.19,28.304,594,42,,,
1788,2564891,3.3,733, 7.77,28.320,568,42,,,
1789,2565494,3.3,682, 6.89,28.337,603,42,,,
1790,2566059,3.29,795, 7.47,28.343,565,42,,,
1791,2566523,3.29,1384,10.69,28.359,464,42,,,
1792,2567321,3.29,183, 8.39,28.375,798,42,,,
1793,2567926,3.29,400, 9.51,28.391,605,42,,,
1794,2568454,3.29,641, 9.95,28.407,528,42,,,
1795,2569544,3.29,187, 6.59,28.423,1090,42,,,
1796,2570075,3.29,0, 2.52,28.423,531,41,,,
1797,2570849,3.29,498, 3.87,28.424,774,41,,,
1798,2571491,3.29,897, 7.30,28.440,642,42,,,
1799,2572023,3.29,622,10.00,28.456,532,42,,,
1800,2572433,3.38,1112, 9.98,28.710,410,43,,,
1801,2572923,3.32,722, 7.02,28.654,490,43,,,
1802,2573423,3.32,604, 7.78,28.669,500,43,,,
1803,2573919,3.32,851, 9.00,28.674,496,43,,,
1804,2574444,3.32,732, 8.01,28.690,525,43,,,
1805,2574946,3.32,789, 4.82,28.705,502,43,,,
1806,2575462,3.32,718, 5.11,28.721,516,43,,,
1807,2575947,3.32,844, 8.77,28.738,485,43,,,
1808,2576429,3.32,1213,12.37,28.754,482,43,,,
1809,2576924,3.32,171, 9.42,28.769,495,43,,,
1810,2577394,3.32,1457,10.90,28.785,470,43,,,
1811,2577882,3.32,1169,11.48,28.801,488,43,,,
1812,2578401,3.32,344, 8.79,28.817,519,43,,,
1813,2578919,3.32,694,10.28,28.833,518,43,,,
1814,2579458,3.32,689, 9.34,28.849,539,43,,,
1815,2579970,3.32,882, 7.37,28.874,512,43,,,
1816,2580501,3.32,898,10.23,28.890,531,43,,,
1817,2581053,3.32,378,10.08,28.906,552,43,,,
1818,2581533,3.32,1338,10.35,28.922,480,43,,,
1819,2582047,3.32,190, 8.81,28.938,514,43,,,
1820,2582571,3.32,1068,10.14,28.954,524,43,,,
1821,2583175,3.32,781, 6.79,28.970,604,43,,,
1822,2583736,3.32,748, 8.33,28.986,561,43,,,
1823,2584308,3.32,713, 6.44,29.002,572,43,,,
1824,2584997,3.32,381, 7.09,29.018,689,43,,,
1825,2585643,3.32,687, 8.84,29.034,646,43,,,
1826,2586291,3.32,1585,10.85,29.050,648,43,,,
1827,2586778,3.32,420,10.47,29.066,487,43,,,
1828,2587291,3.32,776,10.98,29.081,513,43,,,
1829,2587898,3.32,741, 8.14,29.097,607,43,,,
1830,2588566,3.31,779, 7.45,29.091,668,43,,,
1831,2589242,3.31,446, 9.31,29.107,676,43,,,
1832,2589910,3.31,191, 9.56,29.124,668,43,,,
1833,2590603,3.32,341, 7.56,29.139,693,43,,,
1834,2591346,3.32,153, 9.02,29.155,743,43,,,
1835,2592071,3.32,804, 8.13,29.171,725,43,,,
1836,2592723,3.32,930, 5.43,29.187,652,43,,,
1837,2593335,3.32,526, 5.58,29.203,612,43,,,
1838,2594024,3.32,659, 4.21,29.219,689,43,,,
1839,2594812,3.32,1043, 5.19,29.220,788,43,,,
1840,2595553,3.32,845,11.28,29.235,741,43,,,
1841,2596383,3.32,743, 9.00,29.252,830,43,,,
1842,2597170,3.32,962, 8.98,29.268,787,43,,,
1843,2597909,3.32,379, 9.64,29.284,739,43,,,
1844,2598762,3.32,600, 9.12,29.300,853,42,,,
1845,2599462,3.32,1083, 9.17,29.316,700,42,,,
1846,2600290,3.32,943,10.33,29.332,828,42,,,
1847,2601090,3.32,1057, 6.89,29.333,800,42,,,
1848,2601892,3.32,813, 8.24,29.349,802,43,,,
1849,2602723,3.32,794, 9.82,29.365,831,43,,,
1850,2603540,3.32,675, 6.13,29.382,817,43,,,
1851,2604421,3.32,622, 8.55,29.398,881,43,,,
1852,2605132,3.32,698, 4.44,29.414,711,43,,,
1853,2605793,3.32,1296, 9.47,29.429,661,43,,,
1854,2606618,3.32,637, 6.38,29.445,825,43,,,
1855,2607420,3.32,889, 5.39,29.446,802,43,,,
1856,2608219,3.32,758, 5.70,29.462,799,43,,,
1857,2609042,3.32,746, 7.96,29.478,823,43,,,
1858,2609872,3.32,747, 7.32,29.494,830,43,,,
1859,2610672,3.32,735, 7.91,29.511,800,42,,,
1860,2611444,3.31,562,10.33,29.531,772,42,,,
1861,2612255,3.32,758, 6.74,29.531,811,42,,,
1862,2613032,3.32,858, 8.80,29.547,777,42,,,
1863,2613819,3.32,514, 9.58,29.563,787,42,,,
1864,2614635,3.32,848, 9.00,29.579,816,42,,,
1865,2615462,3.32,770, 6.77,29.596,827,42,,,
1866,2616251,3.32,1121, 9.72,29.612,789,42,,,
1867,2616840,3.32,1410, 8.45,29.627,589,42,,,
1868,2617892,3.32,780, 7.41,29.629,1052,40,,,
1869,2618748,3.32,638, 8.37,29.645,856,40,,,
1870,2619563,3.32,969, 6.07,29.661,815,40,,,
1871,2620353,3.32,758, 7.18,29.677,790,40,,,
1872,2621090,3.32,579, 6.55,29.693,737,40,,,
1873,2621881,3.32,498, 8.76,29.709,791,40,,,
1874,2622685,3.32,989, 9.06,29.725,804,40,,,
1875,2623465,3.32,430, 9.81,29.723,780,40,,,
1876,2624224,3.32,806, 4.23,29.739,759,39,,,
1877,2625001,3.32,796, 6.46,29.755,777,39,,,
1878,2625801,3.32,618, 6.13,29.772,800,39,,,
1879,2626557,3.32,274, 8.11,29.788,756,39,,,
1880,2627388,3.32,541, 6.57,29.804,831,39,,,
1881,2628189,3.32,1142, 6.19,29.820,801,38,,,
1882,2629006,3.32,402, 4.50,29.836,817,39,,,
1883,2629756,3.32,1006, 7.82,29.836,750,39,,,
1884,2630558,3.32,792, 9.83,29.852,802,39,,,
1885,2631360,3.32,249, 9.71,29.868,802,39,,,
1886,2632151,3.32,818, 7.63,29.884,791,39,,,
1887,2632919,3.32,745, 9.14,29.901,768,39,,,
1888,2633687,3.32,376, 7.53,29.917,768,39,,,
1889,2634464,3.32,366, 6.91,29.933,777,39,,,
1890,2635165,3.33,740, 6.59,29.947,701,39,,,
1891,2635912,3.33,587, 6.10,29.963,747,39,,,
1892,2636693,3.34,865, 7.73,29.979,781,39,,,
1893,2637420,3.34,558, 7.33,29.995,727,39,,,
1894,2638155,3.34,432, 6.45,30.011,735,39,,,
1895,2638960,3.34,752, 6.85,30.027,805,39,,,
1896,2639707,3.34,966, 6.69,30.044,747,39,,,
1897,2640474,3.34,832, 8.90,30.044,767,39,,,
1898,2641240,3.34,576, 7.71,30.060,766,39,,,
1899,2642017,3.34,140, 7.38,30.076,777,40,,,
1900,2642843,3.34,124, 8.18,30.092,826,40,,,
1901,2643572,3.34,633,13.07,30.108,729,40,,,
1902,2644310,3.34,788,10.91,30.124,738,40,,,
1903,2645060,3.34,624, 7.03,30.140,750,40,,,
1904,2645816,3.34,995, 3.14,30.156,756,40,,,
1905,2646557,3.32,969, 7.00,30.140,741,41,,,
1906,2647296,3.32,550, 9.13,30.157,739,41,,,
1907,2648059,3.32,654, 8.00,30.173,763,40,,,
1908,2648833,3.32,938, 9.00,30.189,774,40,,,
1909,2649486,3.53,615, 6.67,30.459,653,40,,,
1910,2650187,3.33,839, 7.51,30.377,701,40,,,
1911,2650921,3.33,759, 6.46,30.369,734,40,,,
1912,2651653,3.33,1229, 7.05,30.379,732,40,,,
1913,2652432,3.33,768, 9.05,30.395,779,40,,,
1914,2653220,3.33,948, 6.72,30.411,788,40,,,
1915,2653986,3.33,643, 5.44,30.428,766,40,,,
1916,2654809,3.33,606, 9.52,30.444,823,40,,,
1917,2655567,3.33,476, 7.48,30.460,758,40,,,
1918,2656373,3.33,325, 7.00,30.460,806,40,,,
1919,2657148,3.33,584, 9.35,30.476,775,39,,,
1920,2657915,3.33,861, 7.11,30.492,767,39,,,
1921,2658652,3.33,1068, 5.77,30.508,737,39,,,
1922,2659414,3.33,780, 6.01,30.524,762,39,,,
1923,2660218,3.33,361, 6.07,30.540,804,39,,,
1924,2661011,3.33,578, 5.24,30.570,793,39,,,
1925,2661816,3.34,773, 2.61,30.570,805,39,,,
1926,2662612,3.34,423, 3.14,30.586,796,39,,,
1927,2663405,3.34,526, 6.25,30.602,793,39,,,
1928,2664711,3.34,209, 2.97,30.618,1306,39,,,
1929,2666460,3.34,129, 2.86,30.619,1749,41,,,
1930,2668454,3.34,153, 1.79,30.635,1994,40,,,
1931,2670441,3.34,183, 1.29,30.637,1987,41,,,
1932,2672491,3.34,113, 1.42,30.638,2050,41,,,
1933,2674499,3.34,136, 1.15,30.639,2008,41,,,
1934,2676527,3.34,133, 2.30,30.657,2028,41,,,
1935,2678530,3.34,99, 1.97,30.657,2003,41,,,
1936,2680569,3.34,283, 1.40,30.658,2039,41,,,
1937,2682705,3.34,94, 3.08,30.675,2136,42,,,
1938,2684435,3.34,183, 2.01,30.677,1730,41,,,
1939,2686271,3.34,130, 1.60,30.721,1836,41,,,
1940,2688174,3.33,191, 1.58,30.713,1903,41,,,
1941,2690037,3.33,281, 1.48,30.714,1863,40,,,
1942,2691878,3.33,153, 1.31,30.715,1841,40,,,
1943,2693748,3.33,195, 2.42,30.732,1870,40,,,
1944,2695666,3.33,127, 1.55,30.733,1918,40,,,
1945,2697560,3.33,100, 1.53,30.734,1894,40,,,
1946,2699420,3.33,169, 1.78,30.750,1860,40,,,
1947,2701345,3.33,148, 1.32,30.752,1925,40,,,
1948,2703252,3.33,113, 1.20,30.753,1907,40,,,
1949,2705197,3.33,391, 1.07,30.769,1945,40,,,
1950,2706988,3.33,149, 3.03,30.771,1791,40,,,
1951,2708970,3.33,178, 1.85,30.772,1982,40,,,
1952,2710975,3.33,206, 1.38,30.789,2005,40,,,
1953,2712909,3.33,215, 1.73,30.790,1934,40,,,
1954,2714701,3.34,269, 1.75,30.837,1792,40,,,
1955,2716612,3.33,233, 1.41,30.809,1911,40,,,
1956,2718438,3.33,106, 1.63,30.810,1826,40,,,
1957,2720445,3.33,113, 1.47,30.811,2007,39,,,
1958,2722407,3.33,132, 1.17,30.828,1962,39,,,
1959,2723957,3.33,267, 3.71,30.829,1550,38,,,
1960,2725903,3.33,202, 2.02,30.830,1946,38,,,
1961,2727729,3.33,129, 2.65,30.846,1826,38,,,
1962,2729621,3.33,166, 2.28,30.848,1892,38,,,
1963,2731468,3.33,116, 1.72,30.849,1847,39,,,
1964,2733253,3.33,129, 1.35,30.865,1785,39,,,
1965,2735011,3.33,163, 2.10,30.866,1758,39,,,
